﻿<?xml version="1.0" encoding="UTF-8"?>
<ResMap>
  <Message ID="AlarmMsg::Drv_ECAT_DELTA::ID=1h" Content="过电流" />
  <Message ID="AlarmMsg::Drv_ECAT_DELTA::ID=2h" Content="过电压" />
  <Message ID="AlarmMsg::Drv_ECAT_DELTA::ID=3h" Content="低电压" />
  <Message ID="AlarmMsg::Drv_ECAT_DELTA::ID=4h" Content="马达匹配异常" />
  <Message ID="AlarmMsg::Drv_ECAT_DELTA::ID=5h" Content="回生异常" />
  <Message ID="AlarmMsg::Drv_ECAT_DELTA::ID=6h" Content="过负荷" />
  <Message ID="AlarmMsg::Drv_ECAT_DELTA::ID=7h" Content="过速度" />
  <Message ID="AlarmMsg::Drv_ECAT_DELTA::ID=8h" Content="异常脉波控制命令" />
  <Message ID="AlarmMsg::Drv_ECAT_DELTA::ID=9h" Content="位置控制误差过大" />
  <Message ID="AlarmMsg::Drv_ECAT_DELTA::ID=10h" Content="保留" />
  <Message ID="AlarmMsg::Drv_ECAT_DELTA::ID=11h" Content="位置检出器异常" />
  <Message ID="AlarmMsg::Drv_ECAT_DELTA::ID=12h" Content="校正异常" />
  <Message ID="AlarmMsg::Drv_ECAT_DELTA::ID=13h" Content="紧急停止" />
  <Message ID="AlarmMsg::Drv_ECAT_DELTA::ID=14h" Content="反向极限异常" />
  <Message ID="AlarmMsg::Drv_ECAT_DELTA::ID=15h" Content="正向极限异常" />
  <Message ID="AlarmMsg::Drv_ECAT_DELTA::ID=16h" Content="IGBT过热" />
  <Message ID="AlarmMsg::Drv_ECAT_DELTA::ID=17h" Content="参数记忆体异常" />
  <Message ID="AlarmMsg::Drv_ECAT_DELTA::ID=18h" Content="检出器输出异常" />
  <Message ID="AlarmMsg::Drv_ECAT_DELTA::ID=19h" Content="串列通讯异常" />
  <Message ID="AlarmMsg::Drv_ECAT_DELTA::ID=20h" Content="串列通讯逾时" />
  <Message ID="AlarmMsg::Drv_ECAT_DELTA::ID=21h" Content="保留" />
  <Message ID="AlarmMsg::Drv_ECAT_DELTA::ID=22h" Content="主回路电源异常" />
  <Message ID="AlarmMsg::Drv_ECAT_DELTA::ID=23h" Content="预先过负载警告" />
  <Message ID="AlarmMsg::Drv_ECAT_DELTA::ID=24h" Content="编码器初始磁场错误" />
  <Message ID="AlarmMsg::Drv_ECAT_DELTA::ID=25h" Content="编码器内部错误" />
  <Message ID="AlarmMsg::Drv_ECAT_DELTA::ID=26h" Content="编码器内部资料可靠度错误" />
  <Message ID="AlarmMsg::Drv_ECAT_DELTA::ID=27h" Content="编码器内部重置错误" />
  <Message ID="AlarmMsg::Drv_ECAT_DELTA::ID=30h" Content="马达碰撞错误" />
  <Message ID="AlarmMsg::Drv_ECAT_DELTA::ID=31h" Content="马达U, V, W接线错误" />
  <Message ID="AlarmMsg::Drv_ECAT_DELTA::ID=40h" Content="全闭环位置控制误差过大" />
  <Message ID="AlarmMsg::Drv_ECAT_DELTA::ID=99h" Content="DSP韧体升级" />
  <Message ID="AlarmMsg::Drv_ECAT_DELTA::ID=122h" Content="存取 CANopen PDO 物件时，sub-index 发生错误" />
  <Message ID="AlarmMsg::Drv_ECAT_DELTA::ID=123h" Content="存取 CANopen PDO 物件时，资料长度发生错误" />
  <Message ID="AlarmMsg::Drv_ECAT_DELTA::ID=124h" Content="存取 CANopen PDO 物件时，资料范围发生错误" />
  <Message ID="AlarmMsg::Drv_ECAT_DELTA::ID=125h" Content="CANopen PDO 物件是唯读，不可写入" />
  <Message ID="AlarmMsg::Drv_ECAT_DELTA::ID=126h" Content="CANopen PDO 物件无法支援 PDO" />
  <Message ID="AlarmMsg::Drv_ECAT_DELTA::ID=127h" Content="CANopen PDO 物件在 Servo On 时，不允许写入" />
  <Message ID="AlarmMsg::Drv_ECAT_DELTA::ID=128h" Content="由 EEPROM 读取 CANopen PDO 物件时发生错误" />
  <Message ID="AlarmMsg::Drv_ECAT_DELTA::ID=129h" Content="将 CANopen PDO 物件写入 EEPROM 时发生错误" />
  <Message ID="AlarmMsg::Drv_ECAT_DELTA::ID=130h" Content="EEPROM 的位址超过限制" />
  <Message ID="AlarmMsg::Drv_ECAT_DELTA::ID=131h" Content="EEPROM 资料内容错误" />
  <Message ID="AlarmMsg::Drv_ECAT_DELTA::ID=132h" Content="密码错误" />
  <Message ID="AlarmMsg::Drv_ECAT_DELTA::ID=180h" Content="Node guarding或heartbeat错误(Servo Off)" />
  <Message ID="AlarmMsg::Drv_ECAT_DELTA::ID=185h" Content="通讯中断" />
  <Message ID="AlarmMsg::Drv_ECAT_DELTA::ID=201h" Content="CANopen资料初始错误" />
  <Message ID="AlarmMsg::Drv_ECAT_DELTA::ID=283h" Content="软体正向极限" />
  <Message ID="AlarmMsg::Drv_ECAT_DELTA::ID=285h" Content="软体负向极限" />
  <Message ID="AlarmMsg::Drv_ECAT_DELTA::ID=3E1h" Content="CANopen同步失败(Servo Off)" />
  <Message ID="AlarmMsg::Drv_ECAT_DELTA::ID=3E2h" Content="CANopen同步讯号错误(Servo Off)" />
  <Message ID="AlarmMsg::Drv_ECAT_DELTA::ID=3E3h" Content="CANopen同步讯号逾时(Servo Off)" />
  <Message ID="AlarmMsg::Drv_ECAT_DELTA::ID=3E4h" Content="CANopen IP 命令失效(Servo Off)" />
  <Message ID="AlarmMsg::Drv_ECAT_DELTA::ID=3E5h" Content="同步讯号周期错误(Servo Off)" />
  <Message ID="AlarmMsg::Drv_ECAT_DELTA::ID=500h" Content="STO 功能被启动" />
  <Message ID="AlarmMsg::Drv_ECAT_DELTA::ID=501h" Content="STO_A 无讯号(Servo Off)" />
  <Message ID="AlarmMsg::Drv_ECAT_DELTA::ID=502h" Content="STO_B 无讯号(Servo Off)" />
  <Message ID="AlarmMsg::Drv_ECAT_DELTA::ID=503h" Content="STO错误(Servo Off)" />
</ResMap>