﻿<?xml version="1.0" encoding="utf-8" ?>
<ResMap>
	<!-- ================ Panasonic A6N Parameter ===================== -->
	<Message ID="MMI::DriverParameter::PANASONIC_RTEX_A6N::P000" Content="旋轉方向設定" />
	<Message ID="MMI::DriverParameter::PANASONIC_RTEX_A6N::P001" Content="控制模式設定" />
	<Message ID="MMI::DriverParameter::PANASONIC_RTEX_A6N::P002" Content="即時自動調整設定" />
	<Message ID="MMI::DriverParameter::PANASONIC_RTEX_A6N::P003" Content="即時自動調整-機械剛性設定" />
	<Message ID="MMI::DriverParameter::PANASONIC_RTEX_A6N::P004" Content="慣量比(%)" />
	<Message ID="MMI::DriverParameter::PANASONIC_RTEX_A6N::P008" Content="電機每轉一圈指令脈衝數(pulse)" />
	<Message ID="MMI::DriverParameter::PANASONIC_RTEX_A6N::P009" Content="電子齒輪分子" />
	<Message ID="MMI::DriverParameter::PANASONIC_RTEX_A6N::P010" Content="電子齒輪分母" />
	<Message ID="MMI::DriverParameter::PANASONIC_RTEX_A6N::P011" Content="電機每轉一圈輸出脈衝數(pulse/r)" />
	<Message ID="MMI::DriverParameter::PANASONIC_RTEX_A6N::P012" Content="輸出源選擇" />
	<Message ID="MMI::DriverParameter::PANASONIC_RTEX_A6N::P013" Content="第1轉矩限制(%)" />
	<Message ID="MMI::DriverParameter::PANASONIC_RTEX_A6N::P014" Content="位置偏差過大設定(pulse)" />
	<Message ID="MMI::DriverParameter::PANASONIC_RTEX_A6N::P015" Content="絕對式編碼器設定" />
	<Message ID="MMI::DriverParameter::PANASONIC_RTEX_A6N::P016" Content="再生電阻外置設定" />
	<Message ID="MMI::DriverParameter::PANASONIC_RTEX_A6N::P017" Content="外置再生電阻-負載率選擇" />
	<Message ID="MMI::DriverParameter::PANASONIC_RTEX_A6N::P100" Content="第1位置環增益(0.1/s)" />
	<Message ID="MMI::DriverParameter::PANASONIC_RTEX_A6N::P101" Content="第1速度環增益(0.1Hz)" />
	<Message ID="MMI::DriverParameter::PANASONIC_RTEX_A6N::P102" Content="第1速度環積分時間常數(0.1ms)" />
	<Message ID="MMI::DriverParameter::PANASONIC_RTEX_A6N::P103" Content="第1速度檢出濾波器" />
	<Message ID="MMI::DriverParameter::PANASONIC_RTEX_A6N::P104" Content="第1轉矩濾波器時間常數(0.01ms)" />
	<Message ID="MMI::DriverParameter::PANASONIC_RTEX_A6N::P105" Content="第2位置環增益(0.1/s)" />
	<Message ID="MMI::DriverParameter::PANASONIC_RTEX_A6N::P106" Content="第2速度環增益(0.1Hz)" />
	<Message ID="MMI::DriverParameter::PANASONIC_RTEX_A6N::P107" Content="第2速度環積分時間常數(0.1ms)" />
	<Message ID="MMI::DriverParameter::PANASONIC_RTEX_A6N::P108" Content="第2速度檢出濾波器" />
	<Message ID="MMI::DriverParameter::PANASONIC_RTEX_A6N::P109" Content="第2轉矩濾波器時間常數(0.01ms)" />
	<Message ID="MMI::DriverParameter::PANASONIC_RTEX_A6N::P110" Content="速度前饋增益(0.1%)" />
	<Message ID="MMI::DriverParameter::PANASONIC_RTEX_A6N::P111" Content="速度前饋濾波器(0.01ms)" />
	<Message ID="MMI::DriverParameter::PANASONIC_RTEX_A6N::P112" Content="轉矩前饋增益(0.1%)" />
	<Message ID="MMI::DriverParameter::PANASONIC_RTEX_A6N::P113" Content="轉矩前饋濾波器(0.01ms)" />
	<Message ID="MMI::DriverParameter::PANASONIC_RTEX_A6N::P114" Content="第2增益設定" />
	<Message ID="MMI::DriverParameter::PANASONIC_RTEX_A6N::P115" Content="位置控制切換模式" />
	<Message ID="MMI::DriverParameter::PANASONIC_RTEX_A6N::P116" Content="位置控制切換延遲時間(0.1ms)" />
	<Message ID="MMI::DriverParameter::PANASONIC_RTEX_A6N::P117" Content="位置控制切換等級" />
	<Message ID="MMI::DriverParameter::PANASONIC_RTEX_A6N::P118" Content="位置控制切換遲滯" />
	<Message ID="MMI::DriverParameter::PANASONIC_RTEX_A6N::P119" Content="位置增益切換時間(0.1ms)" />
	<Message ID="MMI::DriverParameter::PANASONIC_RTEX_A6N::P120" Content="速度控制切換模式" />
	<Message ID="MMI::DriverParameter::PANASONIC_RTEX_A6N::P121" Content="速度控制切換延遲時間(0.1ms)" />
	<Message ID="MMI::DriverParameter::PANASONIC_RTEX_A6N::P122" Content="速度控制切換等級" />
	<Message ID="MMI::DriverParameter::PANASONIC_RTEX_A6N::P123" Content="速度控制切換遲滯" />
	<Message ID="MMI::DriverParameter::PANASONIC_RTEX_A6N::P124" Content="轉矩控制切換模式" />
	<Message ID="MMI::DriverParameter::PANASONIC_RTEX_A6N::P125" Content="轉矩控制切換延遲時間(0.1ms)" />
	<Message ID="MMI::DriverParameter::PANASONIC_RTEX_A6N::P126" Content="轉矩控制切換等級" />
	<Message ID="MMI::DriverParameter::PANASONIC_RTEX_A6N::P127" Content="轉矩控制切換遲滯" />
	<Message ID="MMI::DriverParameter::PANASONIC_RTEX_A6N::P200" Content="適應濾波器模式設定" />
	<Message ID="MMI::DriverParameter::PANASONIC_RTEX_A6N::P201" Content="第1陷波頻率(Hz)" />
	<Message ID="MMI::DriverParameter::PANASONIC_RTEX_A6N::P202" Content="第1陷波寬度選擇" />
	<Message ID="MMI::DriverParameter::PANASONIC_RTEX_A6N::P203" Content="第1陷波深度選擇" />
	<Message ID="MMI::DriverParameter::PANASONIC_RTEX_A6N::P204" Content="第2陷波頻率(Hz)" />
	<Message ID="MMI::DriverParameter::PANASONIC_RTEX_A6N::P205" Content="第2陷波寬度選擇" />
	<Message ID="MMI::DriverParameter::PANASONIC_RTEX_A6N::P206" Content="第2陷波深度選擇" />
	<Message ID="MMI::DriverParameter::PANASONIC_RTEX_A6N::P207" Content="第3陷波頻率(Hz)" />
	<Message ID="MMI::DriverParameter::PANASONIC_RTEX_A6N::P208" Content="第3陷波寬度選擇" />
	<Message ID="MMI::DriverParameter::PANASONIC_RTEX_A6N::P209" Content="第3陷波深度選擇" />
	<Message ID="MMI::DriverParameter::PANASONIC_RTEX_A6N::P210" Content="第4陷波頻率(Hz)" />
	<Message ID="MMI::DriverParameter::PANASONIC_RTEX_A6N::P211" Content="第4陷波寬度選擇" />
	<Message ID="MMI::DriverParameter::PANASONIC_RTEX_A6N::P212" Content="第4陷波深度選擇" />
	<Message ID="MMI::DriverParameter::PANASONIC_RTEX_A6N::P213" Content="制振濾波器切換選擇" />
	<Message ID="MMI::DriverParameter::PANASONIC_RTEX_A6N::P214" Content="第1制振頻率(0.1Hz)" />
	<Message ID="MMI::DriverParameter::PANASONIC_RTEX_A6N::P215" Content="第1制振濾波器設定(0.1Hz)" />
	<Message ID="MMI::DriverParameter::PANASONIC_RTEX_A6N::P216" Content="第2制振頻率(0.1Hz)" />
	<Message ID="MMI::DriverParameter::PANASONIC_RTEX_A6N::P217" Content="第2制振濾波器設定(0.1Hz)" />
	<Message ID="MMI::DriverParameter::PANASONIC_RTEX_A6N::P218" Content="第3制振頻率(0.1Hz)" />
	<Message ID="MMI::DriverParameter::PANASONIC_RTEX_A6N::P219" Content="第3制振濾波器設定(0.1Hz)" />
	<Message ID="MMI::DriverParameter::PANASONIC_RTEX_A6N::P220" Content="第4制振頻率(0.1Hz)" />
	<Message ID="MMI::DriverParameter::PANASONIC_RTEX_A6N::P221" Content="第4制振濾波器設定(0.1Hz)" />
	<Message ID="MMI::DriverParameter::PANASONIC_RTEX_A6N::P222" Content="位置指令平滑濾波器(0.1ms)" />
	<Message ID="MMI::DriverParameter::PANASONIC_RTEX_A6N::P223" Content="位置指令FIR濾波器(0.1ms)" />
	<Message ID="MMI::DriverParameter::PANASONIC_RTEX_A6N::P224" Content="第5陷波頻率(Hz)" />
	<Message ID="MMI::DriverParameter::PANASONIC_RTEX_A6N::P225" Content="第5陷波寬度選擇" />
	<Message ID="MMI::DriverParameter::PANASONIC_RTEX_A6N::P226" Content="第5陷波深度選擇" />
	<Message ID="MMI::DriverParameter::PANASONIC_RTEX_A6N::P227" Content="第1制振寬度設定" />
	<Message ID="MMI::DriverParameter::PANASONIC_RTEX_A6N::P228" Content="第2制振寬度設定" />
	<Message ID="MMI::DriverParameter::PANASONIC_RTEX_A6N::P229" Content="第3制振寬度設定" />
	<Message ID="MMI::DriverParameter::PANASONIC_RTEX_A6N::P230" Content="第4制振寬度設定" />
	<Message ID="MMI::DriverParameter::PANASONIC_RTEX_A6N::P312" Content="加速時間設定(ms/1000rpm)" />
	<Message ID="MMI::DriverParameter::PANASONIC_RTEX_A6N::P313" Content="減速時間設定(ms/1000rpm)" />
	<Message ID="MMI::DriverParameter::PANASONIC_RTEX_A6N::P314" Content="S字加減速設定(ms)" />
	<Message ID="MMI::DriverParameter::PANASONIC_RTEX_A6N::P317" Content="速度限制選擇" />
	<Message ID="MMI::DriverParameter::PANASONIC_RTEX_A6N::P323" Content="外部反饋尺類型選擇" />
	<Message ID="MMI::DriverParameter::PANASONIC_RTEX_A6N::P324" Content="外部反饋尺分倍頻分子" />
	<Message ID="MMI::DriverParameter::PANASONIC_RTEX_A6N::P325" Content="外部反饋尺分倍頻分母" />
	<Message ID="MMI::DriverParameter::PANASONIC_RTEX_A6N::P326" Content="外部反饋尺反向反轉" />
	<Message ID="MMI::DriverParameter::PANASONIC_RTEX_A6N::P327" Content="外部反饋尺Z相斷線簡查無效" />
	<Message ID="MMI::DriverParameter::PANASONIC_RTEX_A6N::P328" Content="混合編差過大設定" />
	<Message ID="MMI::DriverParameter::PANASONIC_RTEX_A6N::P329" Content="混合偏差清零設定(圈)" />
	<Message ID="MMI::DriverParameter::PANASONIC_RTEX_A6N::P400" Content="SI1輸入選擇" />
	<Message ID="MMI::DriverParameter::PANASONIC_RTEX_A6N::P401" Content="SI2輸入選擇" />
	<Message ID="MMI::DriverParameter::PANASONIC_RTEX_A6N::P402" Content="SI3輸入選擇" />
	<Message ID="MMI::DriverParameter::PANASONIC_RTEX_A6N::P403" Content="SI4輸入選擇" />
	<Message ID="MMI::DriverParameter::PANASONIC_RTEX_A6N::P404" Content="SI5輸入選擇" />
	<Message ID="MMI::DriverParameter::PANASONIC_RTEX_A6N::P405" Content="SI6輸入選擇" />
	<Message ID="MMI::DriverParameter::PANASONIC_RTEX_A6N::P406" Content="SI7輸入選擇" />
	<Message ID="MMI::DriverParameter::PANASONIC_RTEX_A6N::P407" Content="SI8輸入選擇" />
	<Message ID="MMI::DriverParameter::PANASONIC_RTEX_A6N::P410" Content="SO1輸出選擇" />
	<Message ID="MMI::DriverParameter::PANASONIC_RTEX_A6N::P411" Content="SO2輸出選擇" />
	<Message ID="MMI::DriverParameter::PANASONIC_RTEX_A6N::P412" Content="SO3輸出選擇" />
	<Message ID="MMI::DriverParameter::PANASONIC_RTEX_A6N::P416" Content="模擬監視器1種類" />
	<Message ID="MMI::DriverParameter::PANASONIC_RTEX_A6N::P417" Content="模擬監視器1輸出增益" />
	<Message ID="MMI::DriverParameter::PANASONIC_RTEX_A6N::P418" Content="模擬監視器2種類" />
	<Message ID="MMI::DriverParameter::PANASONIC_RTEX_A6N::P419" Content="模擬監視器2輸出增益" />
	<Message ID="MMI::DriverParameter::PANASONIC_RTEX_A6N::P421" Content="模擬監視器輸出設定" />
	<Message ID="MMI::DriverParameter::PANASONIC_RTEX_A6N::P431" Content="定位完成範圍(pulse)" />
	<Message ID="MMI::DriverParameter::PANASONIC_RTEX_A6N::P432" Content="定位完成輸出設定" />
	<Message ID="MMI::DriverParameter::PANASONIC_RTEX_A6N::P433" Content="INP保持時間(ms)" />
	<Message ID="MMI::DriverParameter::PANASONIC_RTEX_A6N::P434" Content="零速(rpm)" />
	<Message ID="MMI::DriverParameter::PANASONIC_RTEX_A6N::P435" Content="速度一致寬度(rpm)" />
	<Message ID="MMI::DriverParameter::PANASONIC_RTEX_A6N::P436" Content="到達速度(rpm)" />
	<Message ID="MMI::DriverParameter::PANASONIC_RTEX_A6N::P437" Content="停止時機械制動器動作設定(ms)" />
	<Message ID="MMI::DriverParameter::PANASONIC_RTEX_A6N::P438" Content="動作時機械制動器動作設定(ms)" />
	<Message ID="MMI::DriverParameter::PANASONIC_RTEX_A6N::P439" Content="制動器解除速度設定(rpm)" />
	<Message ID="MMI::DriverParameter::PANASONIC_RTEX_A6N::P440" Content="警告輸出選擇1" />
	<Message ID="MMI::DriverParameter::PANASONIC_RTEX_A6N::P441" Content="警告輸出選擇2" />
	<Message ID="MMI::DriverParameter::PANASONIC_RTEX_A6N::P442" Content="第2定位完成範圍(pulse)" />
	<Message ID="MMI::DriverParameter::PANASONIC_RTEX_A6N::P444" Content="位置比較輸出脈衝寬度設定(0.1ms)" />
	<Message ID="MMI::DriverParameter::PANASONIC_RTEX_A6N::P445" Content="位置比較輸出極性選擇" />
	<Message ID="MMI::DriverParameter::PANASONIC_RTEX_A6N::P447" Content="脈衝輸出選擇" />
	<Message ID="MMI::DriverParameter::PANASONIC_RTEX_A6N::P448" Content="位置比較值1(pulse)" />
	<Message ID="MMI::DriverParameter::PANASONIC_RTEX_A6N::P449" Content="位置比較值2(pulse)" />
	<Message ID="MMI::DriverParameter::PANASONIC_RTEX_A6N::P450" Content="位置比較值3(pulse)" />
	<Message ID="MMI::DriverParameter::PANASONIC_RTEX_A6N::P451" Content="位置比較值4(pulse)" />
	<Message ID="MMI::DriverParameter::PANASONIC_RTEX_A6N::P452" Content="位置比較值5(pulse)" />
	<Message ID="MMI::DriverParameter::PANASONIC_RTEX_A6N::P453" Content="位置比較值6(pulse)" />
	<Message ID="MMI::DriverParameter::PANASONIC_RTEX_A6N::P454" Content="位置比較值7(pulse)" />
	<Message ID="MMI::DriverParameter::PANASONIC_RTEX_A6N::P455" Content="位置比較值8(pulse)" />
	<Message ID="MMI::DriverParameter::PANASONIC_RTEX_A6N::P456" Content="位置比較輸出延遲補償量(0.1us)" />
	<Message ID="MMI::DriverParameter::PANASONIC_RTEX_A6N::P457" Content="位置比較輸出分配設定" />
	<Message ID="MMI::DriverParameter::PANASONIC_RTEX_A6N::P503" Content="脈衝輸出分頻分母" />
	<Message ID="MMI::DriverParameter::PANASONIC_RTEX_A6N::P504" Content="驅動禁止輸入設定" />
	<Message ID="MMI::DriverParameter::PANASONIC_RTEX_A6N::P505" Content="驅動禁止時時序" />
	<Message ID="MMI::DriverParameter::PANASONIC_RTEX_A6N::P506" Content="伺服使能關閉時時序" />
	<Message ID="MMI::DriverParameter::PANASONIC_RTEX_A6N::P507" Content="主電源Off時時序" />
	<Message ID="MMI::DriverParameter::PANASONIC_RTEX_A6N::P508" Content="主電源Off時LV觸發選擇" />
	<Message ID="MMI::DriverParameter::PANASONIC_RTEX_A6N::P509" Content="主電源Off檢出時間(ms)" />
	<Message ID="MMI::DriverParameter::PANASONIC_RTEX_A6N::P510" Content="報警時時序" />
	<Message ID="MMI::DriverParameter::PANASONIC_RTEX_A6N::P511" Content="立即停止時轉矩設定(%)" />
	<Message ID="MMI::DriverParameter::PANASONIC_RTEX_A6N::P512" Content="超載等級設定(%)" />
	<Message ID="MMI::DriverParameter::PANASONIC_RTEX_A6N::P513" Content="過速等級設定(rpm)" />
	<Message ID="MMI::DriverParameter::PANASONIC_RTEX_A6N::P514" Content="電機可動範圍設定(0.1rev)" />
	<Message ID="MMI::DriverParameter::PANASONIC_RTEX_A6N::P515" Content="控制輸入信號讀取設定" />
	<Message ID="MMI::DriverParameter::PANASONIC_RTEX_A6N::P520" Content="位置設定單位選擇" />
	<Message ID="MMI::DriverParameter::PANASONIC_RTEX_A6N::P521" Content="轉矩限制選擇" />
	<Message ID="MMI::DriverParameter::PANASONIC_RTEX_A6N::P522" Content="第2轉矩限制(%)" />
	<Message ID="MMI::DriverParameter::PANASONIC_RTEX_A6N::P523" Content="轉矩限制切換設定1(ms/100%)" />
	<Message ID="MMI::DriverParameter::PANASONIC_RTEX_A6N::P524" Content="轉矩限制切換設定2(ms/100%)" />
	<Message ID="MMI::DriverParameter::PANASONIC_RTEX_A6N::P525" Content="正向轉矩限制(%)" />
	<Message ID="MMI::DriverParameter::PANASONIC_RTEX_A6N::P526" Content="負向轉矩限制(%)" />
	<Message ID="MMI::DriverParameter::PANASONIC_RTEX_A6N::P531" Content="USB 軸地址" />
	<Message ID="MMI::DriverParameter::PANASONIC_RTEX_A6N::P533" Content="脈衝再生輸出界限有效設定" />
	
	<Message ID="MMI::DriverParameter::PANASONIC_RTEX_A6N::P545" Content="象限突起正方向插補值(0.1%)" />
	<Message ID="MMI::DriverParameter::PANASONIC_RTEX_A6N::P546" Content="象限突起負方向插補值(0.1%)" />
	<Message ID="MMI::DriverParameter::PANASONIC_RTEX_A6N::P547" Content="象限突起補償延遲時間(ms)" />
	<Message ID="MMI::DriverParameter::PANASONIC_RTEX_A6N::P548" Content="象限突起補償濾波器設定L(0.01ms)" />
	<Message ID="MMI::DriverParameter::PANASONIC_RTEX_A6N::P549" Content="象限突起補償濾波器設定H(0.01ms)" />
	<Message ID="MMI::DriverParameter::PANASONIC_RTEX_A6N::P556" Content="Slow stop減速時間設定(ms/1000rpm)" />
	<Message ID="MMI::DriverParameter::PANASONIC_RTEX_A6N::P557" Content="Slow stop S字減速時間設定(ms)" />
	
	<Message ID="MMI::DriverParameter::PANASONIC_RTEX_A6N::P566" Content="劣化診斷-收束判定時間(0.1s)" />
	<Message ID="MMI::DriverParameter::PANASONIC_RTEX_A6N::P567" Content="劣化診斷-慣量比上限值(%)" />
	<Message ID="MMI::DriverParameter::PANASONIC_RTEX_A6N::P568" Content="劣化診斷-慣量比下限值(%)" />
	<Message ID="MMI::DriverParameter::PANASONIC_RTEX_A6N::P569" Content="劣化診斷-偏載重上限值(0.1%)" />
	<Message ID="MMI::DriverParameter::PANASONIC_RTEX_A6N::P570" Content="劣化診斷-偏載重下限值(0.1%)" />
	<Message ID="MMI::DriverParameter::PANASONIC_RTEX_A6N::P571" Content="劣化診斷-動摩擦補償上限值(0.1%)" />
	<Message ID="MMI::DriverParameter::PANASONIC_RTEX_A6N::P572" Content="劣化診斷-動摩擦補償下限值(0.1%)" />
	<Message ID="MMI::DriverParameter::PANASONIC_RTEX_A6N::P573" Content="劣化診斷-粘性摩擦上限值" />
	<Message ID="MMI::DriverParameter::PANASONIC_RTEX_A6N::P574" Content="劣化診斷-粘性摩擦下限值" />
	<Message ID="MMI::DriverParameter::PANASONIC_RTEX_A6N::P575" Content="劣化診斷-速度設定(rpm)" />
	<Message ID="MMI::DriverParameter::PANASONIC_RTEX_A6N::P576" Content="劣化診斷-轉矩平均時間(ms)" />
	<Message ID="MMI::DriverParameter::PANASONIC_RTEX_A6N::P577" Content="劣化診斷-轉矩上限值(0.1%)" />
	<Message ID="MMI::DriverParameter::PANASONIC_RTEX_A6N::P578" Content="劣化診斷-轉矩下限值(0.1%)" />
	
	<Message ID="MMI::DriverParameter::PANASONIC_RTEX_A6N::P602" Content="速度偏差過大設定(rpm)" />
	<Message ID="MMI::DriverParameter::PANASONIC_RTEX_A6N::P605" Content="位置第3增益有效時間(0.1ms)" />
	<Message ID="MMI::DriverParameter::PANASONIC_RTEX_A6N::P606" Content="位置第3增益倍率(%)" />
	<Message ID="MMI::DriverParameter::PANASONIC_RTEX_A6N::P607" Content="轉矩指令加算值(%)" />
	<Message ID="MMI::DriverParameter::PANASONIC_RTEX_A6N::P608" Content="正方向轉矩補償值(%)" />
	<Message ID="MMI::DriverParameter::PANASONIC_RTEX_A6N::P609" Content="負方向轉矩補償值(%)" />
	<Message ID="MMI::DriverParameter::PANASONIC_RTEX_A6N::P610" Content="功能擴展設定" />
	<Message ID="MMI::DriverParameter::PANASONIC_RTEX_A6N::P611" Content="電流回應設定(%)" />
	<Message ID="MMI::DriverParameter::PANASONIC_RTEX_A6N::P614" Content="報警時立即停止時間(ms)" />
	<Message ID="MMI::DriverParameter::PANASONIC_RTEX_A6N::P615" Content="第2過速度等級設定(rpm)" />
	<Message ID="MMI::DriverParameter::PANASONIC_RTEX_A6N::P618" Content="電源接通等待時間(0.1s)" />
	<Message ID="MMI::DriverParameter::PANASONIC_RTEX_A6N::P622" Content="外部位移傳感器脈衝輸出方法選擇" />
	<Message ID="MMI::DriverParameter::PANASONIC_RTEX_A6N::P623" Content="外亂轉矩補償增益(%)" />
	<Message ID="MMI::DriverParameter::PANASONIC_RTEX_A6N::P624" Content="外亂觀測濾波器(%)" />
	<Message ID="MMI::DriverParameter::PANASONIC_RTEX_A6N::P627" Content="警告欄位狀態設定" />
	<Message ID="MMI::DriverParameter::PANASONIC_RTEX_A6N::P631" Content="即時自動調整-推定速度" />
	<Message ID="MMI::DriverParameter::PANASONIC_RTEX_A6N::P632" Content="即時自動調整-用戶設定" />
	<Message ID="MMI::DriverParameter::PANASONIC_RTEX_A6N::P634" Content="混合振動抑制增益(0.1/s)" />
	<Message ID="MMI::DriverParameter::PANASONIC_RTEX_A6N::P635" Content="混合振動抑制濾波器(0.01ms)" />
	<Message ID="MMI::DriverParameter::PANASONIC_RTEX_A6N::P636" Content="動態制動操作輸入" />
	<Message ID="MMI::DriverParameter::PANASONIC_RTEX_A6N::P637" Content="發振檢出等級(0.1%)" />
	<Message ID="MMI::DriverParameter::PANASONIC_RTEX_A6N::P638" Content="警告遮罩設定" />
	<Message ID="MMI::DriverParameter::PANASONIC_RTEX_A6N::P639" Content="警告遮罩設定2" />
	<Message ID="MMI::DriverParameter::PANASONIC_RTEX_A6N::P641" Content="第1制振深度" />
	<Message ID="MMI::DriverParameter::PANASONIC_RTEX_A6N::P642" Content="2段轉矩濾波器時間常數(0.01ms)" />
	<Message ID="MMI::DriverParameter::PANASONIC_RTEX_A6N::P643" Content="2段轉矩濾波器衰減項" />
	<Message ID="MMI::DriverParameter::PANASONIC_RTEX_A6N::P647" Content="功能擴展設定2" />
	<Message ID="MMI::DriverParameter::PANASONIC_RTEX_A6N::P648" Content="調整濾波器(0.1ms)" />
	<Message ID="MMI::DriverParameter::PANASONIC_RTEX_A6N::P649" Content="指令響應濾波器/調整濾波器衰減項" />
	<Message ID="MMI::DriverParameter::PANASONIC_RTEX_A6N::P650" Content="粘性摩擦補償增益(0.1%/10000rpm)" />
	<Message ID="MMI::DriverParameter::PANASONIC_RTEX_A6N::P651" Content="立即停止完了等待時間(ms)" />
	<Message ID="MMI::DriverParameter::PANASONIC_RTEX_A6N::P660" Content="第2制振深度" />
	<Message ID="MMI::DriverParameter::PANASONIC_RTEX_A6N::P661" Content="第1共振頻率(0.1Hz)" />
	<Message ID="MMI::DriverParameter::PANASONIC_RTEX_A6N::P662" Content="第1共振衰減比" />
	<Message ID="MMI::DriverParameter::PANASONIC_RTEX_A6N::P663" Content="第1反共振頻率(0.1Hz)" />
	<Message ID="MMI::DriverParameter::PANASONIC_RTEX_A6N::P664" Content="第1反共振衰減比" />
	<Message ID="MMI::DriverParameter::PANASONIC_RTEX_A6N::P665" Content="第1響應頻率(0.1Hz)" />
	<Message ID="MMI::DriverParameter::PANASONIC_RTEX_A6N::P666" Content="第2共振頻率(0.1Hz)" />
	<Message ID="MMI::DriverParameter::PANASONIC_RTEX_A6N::P667" Content="第2共振衰減比" />
	<Message ID="MMI::DriverParameter::PANASONIC_RTEX_A6N::P668" Content="第2反共振頻率(0.1Hz)" />
	<Message ID="MMI::DriverParameter::PANASONIC_RTEX_A6N::P669" Content="第2反共振衰減比" />
	<Message ID="MMI::DriverParameter::PANASONIC_RTEX_A6N::P670" Content="第2響應頻率(0.1Hz)" />
	<Message ID="MMI::DriverParameter::PANASONIC_RTEX_A6N::P671" Content="第3制振深度" />
	<Message ID="MMI::DriverParameter::PANASONIC_RTEX_A6N::P672" Content="第4制振深度" />
	<Message ID="MMI::DriverParameter::PANASONIC_RTEX_A6N::P673" Content="負載推定濾波器(0.01ms)" />
	<Message ID="MMI::DriverParameter::PANASONIC_RTEX_A6N::P674" Content="轉矩補償頻率1(0.1Hz)" />
	<Message ID="MMI::DriverParameter::PANASONIC_RTEX_A6N::P675" Content="轉矩補償頻率2(0.1Hz)" />
	<Message ID="MMI::DriverParameter::PANASONIC_RTEX_A6N::P676" Content="負載推定次數" />
	<Message ID="MMI::DriverParameter::PANASONIC_RTEX_A6N::P688" Content="絕對式多圈旋轉數據上限值" />
	<Message ID="MMI::DriverParameter::PANASONIC_RTEX_A6N::P697" Content="功能擴展設定3" />
	<Message ID="MMI::DriverParameter::PANASONIC_RTEX_A6N::P698" Content="功能擴展設定4" />
	<Message ID="MMI::DriverParameter::PANASONIC_RTEX_A6N::P700" Content="LED 表示內容" />
	<Message ID="MMI::DriverParameter::PANASONIC_RTEX_A6N::P701" Content="電源接通時的地址表示時間設定(100ms)" />
	<Message ID="MMI::DriverParameter::PANASONIC_RTEX_A6N::P703" Content="轉矩限制中輸出設定" />
	<Message ID="MMI::DriverParameter::PANASONIC_RTEX_A6N::P709" Content="箝位延遲量補正時間1(25ns)" />
	<Message ID="MMI::DriverParameter::PANASONIC_RTEX_A6N::P710" Content="軟體限制功能" />
	<Message ID="MMI::DriverParameter::PANASONIC_RTEX_A6N::P711" Content="正向軟體限位值" />
	<Message ID="MMI::DriverParameter::PANASONIC_RTEX_A6N::P712" Content="負向軟體限位值" />
	<Message ID="MMI::DriverParameter::PANASONIC_RTEX_A6N::P713" Content="絕對式原點位置偏移" />
	<Message ID="MMI::DriverParameter::PANASONIC_RTEX_A6N::P714" Content="主電源關閉警告檢出時間(ms)" />
	<Message ID="MMI::DriverParameter::PANASONIC_RTEX_A6N::P715" Content="定位接近範圍" />
	<Message ID="MMI::DriverParameter::PANASONIC_RTEX_A6N::P716" Content="轉矩飽和異常保護次數" />
	<Message ID="MMI::DriverParameter::PANASONIC_RTEX_A6N::P720" Content="RTEX通信週期設定" />
	<Message ID="MMI::DriverParameter::PANASONIC_RTEX_A6N::P721" Content="RTEX指令更新週期設定" />
	<Message ID="MMI::DriverParameter::PANASONIC_RTEX_A6N::P722" Content="RTEX功能擴展設定1" />
	<Message ID="MMI::DriverParameter::PANASONIC_RTEX_A6N::P723" Content="RTEX功能擴展設定2" />
	<Message ID="MMI::DriverParameter::PANASONIC_RTEX_A6N::P724" Content="RTEX功能擴展設定3" />
	<Message ID="MMI::DriverParameter::PANASONIC_RTEX_A6N::P725" Content="RTEX速度單位設定" />
	<Message ID="MMI::DriverParameter::PANASONIC_RTEX_A6N::P726" Content="RTEX連續通信異常警告設定" />
	<Message ID="MMI::DriverParameter::PANASONIC_RTEX_A6N::P727" Content="RTEX累積通信異常警告設定" />
	<Message ID="MMI::DriverParameter::PANASONIC_RTEX_A6N::P728" Content="RTEX update counter異常警告設定" />
	<Message ID="MMI::DriverParameter::PANASONIC_RTEX_A6N::P729" Content="RTEX監視器選擇1" />
	<Message ID="MMI::DriverParameter::PANASONIC_RTEX_A6N::P730" Content="RTEX監視器選擇2" />
	<Message ID="MMI::DriverParameter::PANASONIC_RTEX_A6N::P731" Content="RTEX監視器選擇3" />
	<Message ID="MMI::DriverParameter::PANASONIC_RTEX_A6N::P732" Content="RTEX監視器選擇4" />
	<Message ID="MMI::DriverParameter::PANASONIC_RTEX_A6N::P733" Content="RTEX監視器選擇5" />
	<Message ID="MMI::DriverParameter::PANASONIC_RTEX_A6N::P734" Content="RTEX監視器選擇6" />
	<Message ID="MMI::DriverParameter::PANASONIC_RTEX_A6N::P735" Content="RTEX指令設定1" />
	<Message ID="MMI::DriverParameter::PANASONIC_RTEX_A6N::P736" Content="RTEX指令設定2" />
	<Message ID="MMI::DriverParameter::PANASONIC_RTEX_A6N::P737" Content="RTEX指令設定3" />
	<Message ID="MMI::DriverParameter::PANASONIC_RTEX_A6N::P738" Content="RTEX update counter異常保護設定" />
	<Message ID="MMI::DriverParameter::PANASONIC_RTEX_A6N::P741" Content="RTEX功能擴展設定5" />
	<Message ID="MMI::DriverParameter::PANASONIC_RTEX_A6N::P791" Content="RTEX通信週期擴展設定(ns)" />
	<Message ID="MMI::DriverParameter::PANASONIC_RTEX_A6N::P792" Content="箝位延遲量補正時間2(25ns)" />
	<Message ID="MMI::DriverParameter::PANASONIC_RTEX_A6N::P793" Content="原點復位返回動作限制速度(rpm)" />
	<Message ID="MMI::DriverParameter::PANASONIC_RTEX_A6N::P795" Content="RTEX連續通信異常保護1" />
	<Message ID="MMI::DriverParameter::PANASONIC_RTEX_A6N::P796" Content="RTEX連續通信異常保護2" />
	<Message ID="MMI::DriverParameter::PANASONIC_RTEX_A6N::P797" Content="RTEX通信超時異常保護" />
	<Message ID="MMI::DriverParameter::PANASONIC_RTEX_A6N::P798" Content="RTEX cyclic數據異常保護1/2" />
	<Message ID="MMI::DriverParameter::PANASONIC_RTEX_A6N::P799" Content="RTEX功能擴展設定6" />
	<Message ID="MMI::DriverParameter::PANASONIC_RTEX_A6N::P801" Content="Profile直線加速常數" />
	<Message ID="MMI::DriverParameter::PANASONIC_RTEX_A6N::P804" Content="Profile直線減速常數" />
	<Message ID="MMI::DriverParameter::PANASONIC_RTEX_A6N::P810" Content="Profile位置箝位檢出後移動量" />
	<Message ID="MMI::DriverParameter::PANASONIC_RTEX_A6N::P812" Content="Profile原點復位模式設定" />
	<Message ID="MMI::DriverParameter::PANASONIC_RTEX_A6N::P813" Content="Profile原點復位速度1" />
	<Message ID="MMI::DriverParameter::PANASONIC_RTEX_A6N::P814" Content="Profile原點復位速度2" />
</ResMap>
