﻿<?xml version="1.0" encoding="utf-8" ?>
<ResMap>
	<Message ID="MMI::SysInfo::Option4" Content="啟用外掛PlugIn功能" />
	<Message ID="MMI::SysInfo::Option11" Content="高精軌跡控制模式" />
	<Message ID="MMI::SysInfo::Option12" Content="刀尖點控制功能(RTCP)" />
	<Message ID="MMI::SysInfo::Option13" Content="特徵座標系功能" />
	<Message ID="MMI::SysInfo::Option15" Content="學習攻牙功能" />
	<Message ID="MMI::SysInfo::Option16" Content="視覺功能單相機" />
	<Message ID="MMI::SysInfo::Option17" Content="視覺功能多相機" />
	<Message ID="MMI::SysInfo::Option18" Content="CAD/CAM功能" />
	<Message ID="MMI::SysInfo::Option19" Content="三維空間圓弧插補功能" />
	<Message ID="MMI::SysInfo::Option20" Content="All in one直角取放" />
	<Message ID="MMI::SysInfo::Option25" Content="高速預解功能" />
	<Message ID="MMI::SysInfo::Option31" Content="高光軌跡控制" />
	<Message ID="MMI::SysInfo::Option32" Content="ROT伺服刀塔" />
 </ResMap>