﻿<?xml version="1.0" encoding="utf-8" ?>
<ResMap>
	<Message ID="MMI::NoParamGroup" Content="parameter group doesn't exist!" />
	<Message ID="GroupParam::latpm::3201" Content="*機床型態設定" />
	<Message ID="GroupParam::latpm::4001" Content="設定啄鑽型態(0:一般;1:高速;2:沉孔)" />
	<Message ID="GroupParam::latpm::4002" Content="設定鑽孔循環退刀量(LIU)" />
	<Message ID="GroupParam::latpm::4003" Content="設定攻牙R點暫停時間(ms)" />
	<Message ID="GroupParam::latpm::4004" Content="設定啄攻型態(0:一般;1:高速)" />
	<Message ID="GroupParam::latpm::4005" Content="設定啄攻退刀量(LIU)" />
	<Message ID="GroupParam::latpm::4006" Content="設定攻牙循環退刀速度(%)" />
	<Message ID="GroupParam::latpm::4007" Content="串列主軸攻牙前定位功能(0:關閉;1:開啟)" />
	<Message ID="GroupParam::latpm::4008" Content="高速鑽孔/攻牙模式(0:關閉;1:開啟)" />
	<Message ID="GroupParam::latpm::4011" Content="設定啄式車削退刀量(LIU)" />
	<Message ID="GroupParam::latpm::4012" Content="設定粗車循環退刀量(LIU)" />
	<Message ID="GroupParam::latpm::4013" Content="設定粗車循環每次進刀量(LIU)" />
	<Message ID="GroupParam::latpm::4014" Content="設定粗車循環模式" />
	<Message ID="GroupParam::latpm::4015" Content="設定成型粗車循環X方向進刀量(LIU)" />
	<Message ID="GroupParam::latpm::4016" Content="設定成型粗車循環Z方向進刀量(LIU)" />
	<Message ID="GroupParam::latpm::4017" Content="設定成型車粗循環重覆次數(次)" />
	<Message ID="GroupParam::latpm::4018" Content="設定G21退刀倒角角度(度)" />
	<Message ID="GroupParam::latpm::4019" Content="鑽孔、攻牙、搪孔循環的Y軸是否為定位指令(0:否; 1:是)" />
	<Message ID="GroupParam::latpm::4020" Content="G12.1模式下X軸的編程(0:半徑軸; 1:直徑軸)" />
	<Message ID="GroupParam::latpm::4021" Content="*第一組主軸同期功能, 基礎主軸號碼." />
	<Message ID="GroupParam::latpm::4022" Content="*第一組主軸同期功能, 同期主軸號碼." />
	<Message ID="GroupParam::latpm::4023" Content="*第二組主軸同期功能, 基礎主軸號碼." />
	<Message ID="GroupParam::latpm::4024" Content="*第二組主軸同期功能, 同期主軸號碼." />
	<Message ID="GroupParam::latpm::4025" Content="*第三組主軸同期功能, 基礎主軸號碼." />
	<Message ID="GroupParam::latpm::4026" Content="*第三組主軸同期功能, 同期主軸號碼." />
	<Message ID="GroupParam::latpm::4040" Content="設定螺紋車削模式(0:一般; 1:高速; 2:極速)" />
	<Message ID="GroupParam::latpm::4041" Content="設定螺紋車削精修預留量(LIU)" />
	<Message ID="GroupParam::latpm::4042" Content="設定螺紋車削螺牙角度(0,29,30,55,60,80)" />
	<Message ID="GroupParam::latpm::4043" Content="設定螺紋車削退刀倒角量(0.1牙距)" />
	<Message ID="GroupParam::latpm::4044" Content="設定螺紋車削精修次數(次)" />
	<Message ID="GroupParam::latpm::4045" Content="設定螺紋車削最小進刀量(LIU)" />
	<Message ID="GroupParam::latpm::4046" Content="設定螺紋車削進刀倒角量(LIU)" />
	<Message ID="GroupParam::latpm::4047" Content="設定螺紋車削進刀高度(LIU)" />
	<Message ID="GroupParam::latpm::4051" Content="複式切削循環,單方向遞增(減)誤差容許範圍(LIU)" />
	<Message ID="GroupParam::latpm::4070" Content="預設切削速度(根據公英制為 mm/min 或 inch/min)" />
</ResMap>
