﻿<?xml version="1.0" encoding="utf-8" ?>
<ResMap>
	<Message ID="MMI::NoParamGroup" Content="parameter group doesn't exist!" />
	<Message ID="LaserCtrlParam::1" Content="雷射源最大频率(KHz)" />
	<Message ID="LaserCtrlParam::5" Content="同步延迟时间(10us)" />
	<Message ID="LaserCtrlParam::6" Content="振镜XY轴向命令互换功能(0：关闭；1：开启)" />
	<Message ID="LaserCtrlParam::11" Content="雷射等待脉冲讯号(0：关闭；1：开启)" />
	<Message ID="LaserCtrlParam::12" Content="雷射源工作周期(0.1%)" />
	<Message ID="LaserCtrlParam::21" Content="*轴向对应的轴卡端号码" />
	<Message ID="LaserCtrlParam::21" Content="*雷射源对应的轴卡端号码" />
	<Message ID="LaserCtrlParam::41" Content="振镜X轴向命令反向功能(0：关闭；1：开启)" />
	<Message ID="LaserCtrlParam::42" Content="振镜Y轴向命令反向功能(0：关闭；1：开启)" />
	<Message ID="LaserCtrlParam::43" Content="振镜Z轴向命令反向功能(0：关闭；1：开启)" />
	<Message ID="LaserCtrlParam::61" Content="轴向位置感测器解析度(pulse/转)" />
	<Message ID="LaserCtrlParam::121" Content="轴向螺杆侧齿轮齿数" />
	<Message ID="LaserCtrlParam::122" Content="轴向马达侧齿轮齿数" />
	<Message ID="LaserCtrlParam::161" Content="轴向螺杆宽度(Pitch) 单位：um;mdeg" />
	<Message ID="LaserCtrlParam::201" Content="轴向感应器型态(0：编码器；1：未定义；2：无)" />
	<Message ID="LaserCtrlParam::221" Content="轴向型态(0：线性轴；1：旋转轴)" />
	<Message ID="LaserCtrlParam::2401" Content="轴向软体正行程极限(mm)" />
	<Message ID="LaserCtrlParam::2402" Content="轴向软体负行程极限(mm)" />
	<Message ID="LaserCtrlParam::4092" Content="系统合成速度预看时间(ms)" />
</ResMap>
