﻿<?xml version="1.0" encoding="utf-8" ?>
<ResMap>
	<Message ID="MMI::NoParamGroup" Content="parameter group doesn't exist!" />
	<Message ID="ParamLimit201" Content="*X axis sensor type(0:Enc;1:Ruler;2:No)" />
	<Message ID="ParamLimit202" Content="*Y axis sensor type(0:Enc;1:Ruler;2:No)" />
	<Message ID="ParamLimit203" Content="*Z axis sensor type(0:Enc;1:Ruler;2:No)" />
	<Message ID="ParamLimit204" Content="*4th axis sensor type(0:Enc;1:Ruler;2:No)" />
	<Message ID="ParamLimit205" Content="*5th axis sensor type(0:Enc;1:Ruler;2:No)" />
	<Message ID="ParamLimit206" Content="*6th axis sensor type(0:Enc;1:Ruler;2:No)" />
	<Message ID="ParamLimit207" Content="*7th axis sensor type(0:Enc;1:Ruler;2:No)" />
	<Message ID="ParamLimit208" Content="*8th axis sensor type(0:Enc;1:Ruler;2:No)" />
	<Message ID="ParamLimit209" Content="*9th axis sensor type(0:Enc;1:Ruler;2:No)" />
	<Message ID="ParamLimit210" Content="*10th axis sensor type(0:Enc;1:Ruler;2:No)" />
	<Message ID="ParamLimit211" Content="*11th axis sensor type(0:Enc;1:Ruler;2:No)" />
	<Message ID="ParamLimit212" Content="*12th axis sensor type(0:Enc;1:Ruler;2:No)" />
	<Message ID="ParamLimit213" Content="*13th axis sensor type(0:Enc;1:Ruler;2:No)" />
	<Message ID="ParamLimit214" Content="*14th axis sensor type(0:Enc;1:Ruler;2:No)" />
	<Message ID="ParamLimit215" Content="*15th axis sensor type(0:Enc;1:Ruler;2:No)" />
	<Message ID="ParamLimit216" Content="*16th axis sensor type(0:Enc;1:Ruler;2:No)" />
	<Message ID="ParamLimit1222" Content="enable Y axis backlash compensation(0:OFF;1:Linear Guideway ON)" />
	<Message ID="ParamLimit1223" Content="enable Z axis backlash compensation(0:OFF;1:Linear Guideway ON)" />
	<Message ID="ParamLimit1224" Content="enable 4th axis backlash compensation(0:OFF;1:Linear Guideway ON)" />
	<Message ID="ParamLimit1225" Content="enable 5th axis backlash compensation(0:OFF;1:Linear Guideway ON)" />
	<Message ID="ParamLimit1226" Content="enable 6th axis backlash compensation(0:OFF;1:Linear Guideway ON)" />
	<Message ID="ParamLimit1227" Content="enable 7th axis backlash compensation(0:OFF;1:Linear Guideway ON)" />
	<Message ID="ParamLimit1228" Content="enable 8th axis backlash compensation(0:OFF;1:Linear Guideway ON)" />
	<Message ID="ParamLimit1229" Content="enable 9th axis backlash compensation(0:OFF;1:Linear Guideway ON)" />
	<Message ID="ParamLimit1230" Content="enable 10th axis backlash compensation(0:OFF;1:Linear Guideway ON)" />
	<Message ID="ParamLimit1231" Content="enable 11th axis backlash compensation(0:OFF;1:Linear Guideway ON)" />
	<Message ID="ParamLimit1232" Content="enable 12th axis backlash compensation(0:OFF;1:Linear Guideway ON)" />
	<Message ID="ParamLimit1233" Content="enable 13th axis backlash compensation(0:OFF;1:Linear Guideway ON)" />
	<Message ID="ParamLimit1234" Content="enable 14th axis backlash compensation(0:OFF;1:Linear Guideway ON)" />
	<Message ID="ParamLimit1235" Content="enable 15th axis backlash compensation(0:OFF;1:Linear Guideway ON)" />
	<Message ID="ParamLimit1236" Content="enable 16th axis backlash compensation(0:OFF;1:Linear Guideway ON)" />
	<Message ID="ParamLimit3802" Content="*default feedrate control mode(0:G64; 1:G62)" />
	<Message ID="ParamLimit3825" Content="*1st coupling type(0:No;1:Mach;2:PSyn;3:Super;4:MSyn)" />
	<Message ID="ParamLimit3865" Content="*2nd coupling type(0:No;1:Mach;2:PSyn;3:Super;4:MSyn)" />
	<Message ID="ParamLimit3875" Content="*3rd coupling type(0:No;1:Mach;2:PSyn;3:Super;4:MSyn)" />
	<Message ID="ParamLimit3885" Content="*4th coupling type(0:No;1:Mach;2:PSyn;3:Super;4:MSyn)" />
</ResMap>
