﻿<?xml version="1.0" encoding="utf-8" ?>
<ResMap>
	<Message ID="AlarmMsg::LaserCtrl::ID=1" Content="超过软体行程极限"/>
	<Message ID="AlarmMsg::LaserCtrl::ID=2" Content="绝对位置失效"/>
	<Message ID="AlarmMsg::LaserCtrl::ID=3" Content="雷射轴/振镜轴控制功能无法启动"/>
	<Message ID="AlarmMsg::LaserCtrl::ID=5" Content="雷射档案载入失败"/>
	<Message ID="AlarmMsg::LaserCtrl::ID=21" Content="座标同步错误"/>
	<Message ID="AlarmMsg::LaserCtrl::ID=24" Content="畸变校正表读取失败"/>
	<Message ID="AlarmMsg::LaserCtrl::ID=26" Content="雷射加工档档案格式错误"/>
	<Message ID="AlarmMsg::LaserCtrl::ID=27" Content="XY轴命令超出畸变校正表范围"/>
	<Message ID="AlarmMsg::LaserCtrl::ID=28" Content="Z轴命令超出畸变校正表范围"/>
	<Message ID="AlarmMsg::LaserCtrl::ID=29" Content="不支援3D雷射打标功能"/>
	<Message ID="AlarmMsg::LaserCtrl::ID=30" Content="畸变校正表不存在"/>
</ResMap>
