﻿<?xml version="1.0" encoding="utf-8" ?>
<ResMap>
	<Message ID="MMI::NoParamGroup" Content="parameter group doesn't exist!" />
	<Message ID="Param4001" Content="设定啄攻型态(0:一般;1:高速)" />
	<Message ID="Param4002" Content="设定钻孔循环退刀量(LIU)" />
	<Message ID="Param4004" Content="设定攻牙循环退刀量(LIU)" />
	<Message ID="Param4006" Content="设定攻牙循环退刀速度(%)" />
	<Message ID="Param4007" Content="串列主轴攻牙前定位功能(0:关闭;1:开启)" />
	<Message ID="Param4008" Content="设定G81钻孔循环型态(0:一般;1:快钻)" />
	<Message ID="Param4010" Content="铣削循环平面进给量百分比" />
	<Message ID="Param4020" Content="设定塘孔主轴停止方向(0:X+,1:X-,2:Y+,3:Y-,4:Z+,5:Z-)" />
	<Message ID="Param4055" Content="G码对刀指令的量测距离R" />
	<Message ID="Param4056" Content="G码对刀指令的容许触发讯号距离D" />
	<Message ID="Param4057" Content="G码对刀指令的量测速度F" />
	<Message ID="Param4058" Content="G码对刀指令的参考点P" />
	<Message ID="Param4059" Content="G37.1对刀指令的机械座标量测位置Z" />
	<Message ID="Param4060" Content="伺服落後补偿功能(0:ZPEC;1:SPA)" />
	<Message ID="Param4070" Content="预设切削速度(根据公英制为 mm/min 或 inch/min)" />
</ResMap>
