﻿<?xml version="1.0" encoding="utf-8" ?>
<ResMap>
	<Message ID="MMI::NoParamGroup" Content="parameter group doesn't exist!" />
	<Message ID="LaserCtrlParam::1" Content="雷射源最大頻率(KHz)" />
	<Message ID="LaserCtrlParam::1" Content="工件感測器觸發源(0：外部觸發；1：虛擬觸發)" />
	<Message ID="LaserCtrlParam::2" Content="工件感測器虛擬觸發間隔物理量(0：時間；1：距離)" />
	<Message ID="LaserCtrlParam::3" Content="工件感測器虛擬觸發間隔時間量(ms)" />
	<Message ID="LaserCtrlParam::4" Content="工件感測器虛擬觸發間隔距離量(um)" />
	<Message ID="LaserCtrlParam::5" Content="同步延遲時間(10us)" />
	<Message ID="LaserCtrlParam::6" Content="振鏡XY軸向命令互換功能(0：關閉；1：開啟)" />
	<Message ID="LaserCtrlParam::11" Content="雷射等待脈衝訊號(0：關閉；1：開啟)" />
	<Message ID="LaserCtrlParam::11" Content="打標延遲距離(um)" />
	<Message ID="LaserCtrlParam::12" Content="雷射源工作週期(0.1%)" />
	<Message ID="LaserCtrlParam::21" Content="履帶感測器站號" />
	<Message ID="LaserCtrlParam::22" Content="履帶感測器型態(0：一般編碼器；1：虛擬速度)" />
	<Message ID="LaserCtrlParam::23" Content="履帶移動方向(0：正向；1：負向)" />
	<Message ID="LaserCtrlParam::24" Content="履帶虛擬速度(mm/min)" />
	<Message ID="LaserCtrlParam::25" Content="履帶感測器每脈衝移動距離(um/pulse)" />
	<Message ID="LaserCtrlParam::26" Content="履帶感測器濾波時間常數(us)" />
	<Message ID="LaserCtrlParam::41" Content="振鏡X軸向命令反向功能(0：關閉；1：開啟)" />
	<Message ID="LaserCtrlParam::42" Content="振鏡Y軸向命令反向功能(0：關閉；1：開啟)" />
	<Message ID="LaserCtrlParam::43" Content="振鏡Z軸向命令反向功能(0：關閉；1：開啟)" />
	<Message ID="LaserCtrlParam::61" Content="軸向位置感測器解析度(pulse/轉)" />
	<Message ID="LaserCtrlParam::121" Content="軸向螺桿側齒輪齒數" />
	<Message ID="LaserCtrlParam::122" Content="軸向馬達側齒輪齒數" />
	<Message ID="LaserCtrlParam::161" Content="軸向螺桿寬度(Pitch) 單位：um;mdeg" />
	<Message ID="LaserCtrlParam::201" Content="軸向感應器型態(0：編碼器；1：未定義；2：無)" />
	<Message ID="LaserCtrlParam::221" Content="軸向型態(0：線性軸；1：旋轉軸)" />
	<Message ID="LaserCtrlParam::2401" Content="軸向軟體正行程極限(mm)" />
	<Message ID="LaserCtrlParam::2402" Content="軸向軟體負行程極限(mm)" />
</ResMap>
