<?xml version="1.0" encoding="utf-8" ?>
<ResMap>
	<Message ID="AxisName::ID=100" Content="X" />
	<Message ID="AxisName::ID=101" Content="X1" />
	<Message ID="AxisName::ID=102" Content="X2" />
	<Message ID="AxisName::ID=103" Content="X3" />
	<Message ID="AxisName::ID=104" Content="X4" />
	<Message ID="AxisName::ID=105" Content="X5" />
	<Message ID="AxisName::ID=106" Content="X6" />
	<Message ID="AxisName::ID=107" Content="X7" />
	<Message ID="AxisName::ID=108" Content="X8" />
	<Message ID="AxisName::ID=109" Content="X9" />
	<Message ID="AxisName::ID=110" Content="X10" />
	<Message ID="AxisName::ID=111" Content="X11" />
	<Message ID="AxisName::ID=112" Content="X12" />
	<Message ID="AxisName::ID=113" Content="X13" />
	<Message ID="AxisName::ID=114" Content="X14" />
	<Message ID="AxisName::ID=115" Content="X15" />
	<Message ID="AxisName::ID=116" Content="X16" />
	<Message ID="AxisName::ID=117" Content="X17" />
	<Message ID="AxisName::ID=118" Content="X18" />
	<Message ID="AxisName::ID=119" Content="X19" />
	<Message ID="AxisName::ID=120" Content="X20" />
	<Message ID="AxisName::ID=121" Content="X21" />
	<Message ID="AxisName::ID=122" Content="X22" />
	<Message ID="AxisName::ID=123" Content="X23" />
	<Message ID="AxisName::ID=124" Content="X24" />
	<Message ID="AxisName::ID=125" Content="X25" />
	<Message ID="AxisName::ID=126" Content="X26" />
	<Message ID="AxisName::ID=127" Content="X27" />
	<Message ID="AxisName::ID=128" Content="X28" />
	<Message ID="AxisName::ID=129" Content="X29" />
	<Message ID="AxisName::ID=130" Content="X30" />
	<Message ID="AxisName::ID=131" Content="X31" />
	<Message ID="AxisName::ID=132" Content="X32" />
	<Message ID="AxisName::ID=133" Content="X33" />
	<Message ID="AxisName::ID=134" Content="X34" />
	<Message ID="AxisName::ID=135" Content="X35" />
	<Message ID="AxisName::ID=136" Content="X36" />
	<Message ID="AxisName::ID=137" Content="X37" />
	<Message ID="AxisName::ID=138" Content="X38" />
	<Message ID="AxisName::ID=139" Content="X39" />
	<Message ID="AxisName::ID=140" Content="X40" />
	<Message ID="AxisName::ID=141" Content="X41" />
	<Message ID="AxisName::ID=142" Content="X42" />
	<Message ID="AxisName::ID=143" Content="X43" />
	<Message ID="AxisName::ID=144" Content="X44" />
	<Message ID="AxisName::ID=145" Content="X45" />
	<Message ID="AxisName::ID=146" Content="X46" />
	<Message ID="AxisName::ID=147" Content="X47" />
	<Message ID="AxisName::ID=148" Content="X48" />
	<Message ID="AxisName::ID=149" Content="X49" />
	<Message ID="AxisName::ID=150" Content="X50" />
	<Message ID="AxisName::ID=151" Content="X51" />
	<Message ID="AxisName::ID=152" Content="X52" />
	<Message ID="AxisName::ID=153" Content="X53" />
	<Message ID="AxisName::ID=154" Content="X54" />
	<Message ID="AxisName::ID=155" Content="X55" />
	<Message ID="AxisName::ID=156" Content="X56" />
	<Message ID="AxisName::ID=157" Content="X57" />
	<Message ID="AxisName::ID=158" Content="X58" />
	<Message ID="AxisName::ID=159" Content="X59" />
	<Message ID="AxisName::ID=160" Content="X60" />
	<Message ID="AxisName::ID=161" Content="X61" />
	<Message ID="AxisName::ID=162" Content="X62" />
	<Message ID="AxisName::ID=163" Content="X63" />
	<Message ID="AxisName::ID=164" Content="X64" />
	<Message ID="AxisName::ID=165" Content="X65" />
	<Message ID="AxisName::ID=166" Content="X66" />
	<Message ID="AxisName::ID=167" Content="X67" />
	<Message ID="AxisName::ID=168" Content="X68" />
	<Message ID="AxisName::ID=169" Content="X69" />
	<Message ID="AxisName::ID=170" Content="X70" />
	<Message ID="AxisName::ID=171" Content="X71" />
	<Message ID="AxisName::ID=172" Content="X72" />
	<Message ID="AxisName::ID=173" Content="X73" />
	<Message ID="AxisName::ID=174" Content="X74" />
	<Message ID="AxisName::ID=175" Content="X75" />
	<Message ID="AxisName::ID=176" Content="X76" />
	<Message ID="AxisName::ID=177" Content="X77" />
	<Message ID="AxisName::ID=178" Content="X78" />
	<Message ID="AxisName::ID=179" Content="X79" />
	<Message ID="AxisName::ID=180" Content="X80" />
	<Message ID="AxisName::ID=181" Content="X81" />
	<Message ID="AxisName::ID=182" Content="X82" />
	<Message ID="AxisName::ID=183" Content="X83" />
	<Message ID="AxisName::ID=184" Content="X84" />
	<Message ID="AxisName::ID=185" Content="X85" />
	<Message ID="AxisName::ID=186" Content="X86" />
	<Message ID="AxisName::ID=187" Content="X87" />
	<Message ID="AxisName::ID=188" Content="X88" />
	<Message ID="AxisName::ID=189" Content="X89" />
	<Message ID="AxisName::ID=190" Content="X90" />
	<Message ID="AxisName::ID=191" Content="X91" />
	<Message ID="AxisName::ID=192" Content="X92" />
	<Message ID="AxisName::ID=193" Content="X93" />
	<Message ID="AxisName::ID=194" Content="X94" />
	<Message ID="AxisName::ID=195" Content="X95" />
	<Message ID="AxisName::ID=196" Content="X96" />
	<Message ID="AxisName::ID=197" Content="X97" />
	<Message ID="AxisName::ID=198" Content="X98" />
	<Message ID="AxisName::ID=199" Content="X99" />
	<Message ID="AxisName::ID=200" Content="Y" />
	<Message ID="AxisName::ID=201" Content="Y1" />
	<Message ID="AxisName::ID=202" Content="Y2" />
	<Message ID="AxisName::ID=203" Content="Y3" />
	<Message ID="AxisName::ID=204" Content="Y4" />
	<Message ID="AxisName::ID=205" Content="Y5" />
	<Message ID="AxisName::ID=206" Content="Y6" />
	<Message ID="AxisName::ID=207" Content="Y7" />
	<Message ID="AxisName::ID=208" Content="Y8" />
	<Message ID="AxisName::ID=209" Content="Y9" />
	<Message ID="AxisName::ID=210" Content="Y10" />
	<Message ID="AxisName::ID=211" Content="Y11" />
	<Message ID="AxisName::ID=212" Content="Y12" />
	<Message ID="AxisName::ID=213" Content="Y13" />
	<Message ID="AxisName::ID=214" Content="Y14" />
	<Message ID="AxisName::ID=215" Content="Y15" />
	<Message ID="AxisName::ID=216" Content="Y16" />
	<Message ID="AxisName::ID=217" Content="Y17" />
	<Message ID="AxisName::ID=218" Content="Y18" />
	<Message ID="AxisName::ID=219" Content="Y19" />
	<Message ID="AxisName::ID=220" Content="Y20" />
	<Message ID="AxisName::ID=221" Content="Y21" />
	<Message ID="AxisName::ID=222" Content="Y22" />
	<Message ID="AxisName::ID=223" Content="Y23" />
	<Message ID="AxisName::ID=224" Content="Y24" />
	<Message ID="AxisName::ID=225" Content="Y25" />
	<Message ID="AxisName::ID=226" Content="Y26" />
	<Message ID="AxisName::ID=227" Content="Y27" />
	<Message ID="AxisName::ID=228" Content="Y28" />
	<Message ID="AxisName::ID=229" Content="Y29" />
	<Message ID="AxisName::ID=230" Content="Y30" />
	<Message ID="AxisName::ID=231" Content="Y31" />
	<Message ID="AxisName::ID=232" Content="Y32" />
	<Message ID="AxisName::ID=233" Content="Y33" />
	<Message ID="AxisName::ID=234" Content="Y34" />
	<Message ID="AxisName::ID=235" Content="Y35" />
	<Message ID="AxisName::ID=236" Content="Y36" />
	<Message ID="AxisName::ID=237" Content="Y37" />
	<Message ID="AxisName::ID=238" Content="Y38" />
	<Message ID="AxisName::ID=239" Content="Y39" />
	<Message ID="AxisName::ID=240" Content="Y40" />
	<Message ID="AxisName::ID=241" Content="Y41" />
	<Message ID="AxisName::ID=242" Content="Y42" />
	<Message ID="AxisName::ID=243" Content="Y43" />
	<Message ID="AxisName::ID=244" Content="Y44" />
	<Message ID="AxisName::ID=245" Content="Y45" />
	<Message ID="AxisName::ID=246" Content="Y46" />
	<Message ID="AxisName::ID=247" Content="Y47" />
	<Message ID="AxisName::ID=248" Content="Y48" />
	<Message ID="AxisName::ID=249" Content="Y49" />
	<Message ID="AxisName::ID=250" Content="Y50" />
	<Message ID="AxisName::ID=251" Content="Y51" />
	<Message ID="AxisName::ID=252" Content="Y52" />
	<Message ID="AxisName::ID=253" Content="Y53" />
	<Message ID="AxisName::ID=254" Content="Y54" />
	<Message ID="AxisName::ID=255" Content="Y55" />
	<Message ID="AxisName::ID=256" Content="Y56" />
	<Message ID="AxisName::ID=257" Content="Y57" />
	<Message ID="AxisName::ID=258" Content="Y58" />
	<Message ID="AxisName::ID=259" Content="Y59" />
	<Message ID="AxisName::ID=260" Content="Y60" />
	<Message ID="AxisName::ID=261" Content="Y61" />
	<Message ID="AxisName::ID=262" Content="Y62" />
	<Message ID="AxisName::ID=263" Content="Y63" />
	<Message ID="AxisName::ID=264" Content="Y64" />
	<Message ID="AxisName::ID=265" Content="Y65" />
	<Message ID="AxisName::ID=266" Content="Y66" />
	<Message ID="AxisName::ID=267" Content="Y67" />
	<Message ID="AxisName::ID=268" Content="Y68" />
	<Message ID="AxisName::ID=269" Content="Y69" />
	<Message ID="AxisName::ID=270" Content="Y70" />
	<Message ID="AxisName::ID=271" Content="Y71" />
	<Message ID="AxisName::ID=272" Content="Y72" />
	<Message ID="AxisName::ID=273" Content="Y73" />
	<Message ID="AxisName::ID=274" Content="Y74" />
	<Message ID="AxisName::ID=275" Content="Y75" />
	<Message ID="AxisName::ID=276" Content="Y76" />
	<Message ID="AxisName::ID=277" Content="Y77" />
	<Message ID="AxisName::ID=278" Content="Y78" />
	<Message ID="AxisName::ID=279" Content="Y79" />
	<Message ID="AxisName::ID=280" Content="Y80" />
	<Message ID="AxisName::ID=281" Content="Y81" />
	<Message ID="AxisName::ID=282" Content="Y82" />
	<Message ID="AxisName::ID=283" Content="Y83" />
	<Message ID="AxisName::ID=284" Content="Y84" />
	<Message ID="AxisName::ID=285" Content="Y85" />
	<Message ID="AxisName::ID=286" Content="Y86" />
	<Message ID="AxisName::ID=287" Content="Y87" />
	<Message ID="AxisName::ID=288" Content="Y88" />
	<Message ID="AxisName::ID=289" Content="Y89" />
	<Message ID="AxisName::ID=290" Content="Y90" />
	<Message ID="AxisName::ID=291" Content="Y91" />
	<Message ID="AxisName::ID=292" Content="Y92" />
	<Message ID="AxisName::ID=293" Content="Y93" />
	<Message ID="AxisName::ID=294" Content="Y94" />
	<Message ID="AxisName::ID=295" Content="Y95" />
	<Message ID="AxisName::ID=296" Content="Y96" />
	<Message ID="AxisName::ID=297" Content="Y97" />
	<Message ID="AxisName::ID=298" Content="Y98" />
	<Message ID="AxisName::ID=299" Content="Y99" />
	<Message ID="AxisName::ID=300" Content="Z" />
	<Message ID="AxisName::ID=301" Content="Z1" />
	<Message ID="AxisName::ID=302" Content="Z2" />
	<Message ID="AxisName::ID=303" Content="Z3" />
	<Message ID="AxisName::ID=304" Content="Z4" />
	<Message ID="AxisName::ID=305" Content="Z5" />
	<Message ID="AxisName::ID=306" Content="Z6" />
	<Message ID="AxisName::ID=307" Content="Z7" />
	<Message ID="AxisName::ID=308" Content="Z8" />
	<Message ID="AxisName::ID=309" Content="Z9" />
	<Message ID="AxisName::ID=310" Content="Z10" />
	<Message ID="AxisName::ID=311" Content="Z11" />
	<Message ID="AxisName::ID=312" Content="Z12" />
	<Message ID="AxisName::ID=313" Content="Z13" />
	<Message ID="AxisName::ID=314" Content="Z14" />
	<Message ID="AxisName::ID=315" Content="Z15" />
	<Message ID="AxisName::ID=316" Content="Z16" />
	<Message ID="AxisName::ID=317" Content="Z17" />
	<Message ID="AxisName::ID=318" Content="Z18" />
	<Message ID="AxisName::ID=319" Content="Z19" />
	<Message ID="AxisName::ID=320" Content="Z20" />
	<Message ID="AxisName::ID=321" Content="Z21" />
	<Message ID="AxisName::ID=322" Content="Z22" />
	<Message ID="AxisName::ID=323" Content="Z23" />
	<Message ID="AxisName::ID=324" Content="Z24" />
	<Message ID="AxisName::ID=325" Content="Z25" />
	<Message ID="AxisName::ID=326" Content="Z26" />
	<Message ID="AxisName::ID=327" Content="Z27" />
	<Message ID="AxisName::ID=328" Content="Z28" />
	<Message ID="AxisName::ID=329" Content="Z29" />
	<Message ID="AxisName::ID=330" Content="Z30" />
	<Message ID="AxisName::ID=331" Content="Z31" />
	<Message ID="AxisName::ID=332" Content="Z32" />
	<Message ID="AxisName::ID=333" Content="Z33" />
	<Message ID="AxisName::ID=334" Content="Z34" />
	<Message ID="AxisName::ID=335" Content="Z35" />
	<Message ID="AxisName::ID=336" Content="Z36" />
	<Message ID="AxisName::ID=337" Content="Z37" />
	<Message ID="AxisName::ID=338" Content="Z38" />
	<Message ID="AxisName::ID=339" Content="Z39" />
	<Message ID="AxisName::ID=340" Content="Z40" />
	<Message ID="AxisName::ID=341" Content="Z41" />
	<Message ID="AxisName::ID=342" Content="Z42" />
	<Message ID="AxisName::ID=343" Content="Z43" />
	<Message ID="AxisName::ID=344" Content="Z44" />
	<Message ID="AxisName::ID=345" Content="Z45" />
	<Message ID="AxisName::ID=346" Content="Z46" />
	<Message ID="AxisName::ID=347" Content="Z47" />
	<Message ID="AxisName::ID=348" Content="Z48" />
	<Message ID="AxisName::ID=349" Content="Z49" />
	<Message ID="AxisName::ID=350" Content="Z50" />
	<Message ID="AxisName::ID=351" Content="Z51" />
	<Message ID="AxisName::ID=352" Content="Z52" />
	<Message ID="AxisName::ID=353" Content="Z53" />
	<Message ID="AxisName::ID=354" Content="Z54" />
	<Message ID="AxisName::ID=355" Content="Z55" />
	<Message ID="AxisName::ID=356" Content="Z56" />
	<Message ID="AxisName::ID=357" Content="Z57" />
	<Message ID="AxisName::ID=358" Content="Z58" />
	<Message ID="AxisName::ID=359" Content="Z59" />
	<Message ID="AxisName::ID=360" Content="Z60" />
	<Message ID="AxisName::ID=361" Content="Z61" />
	<Message ID="AxisName::ID=362" Content="Z62" />
	<Message ID="AxisName::ID=363" Content="Z63" />
	<Message ID="AxisName::ID=364" Content="Z64" />
	<Message ID="AxisName::ID=365" Content="Z65" />
	<Message ID="AxisName::ID=366" Content="Z66" />
	<Message ID="AxisName::ID=367" Content="Z67" />
	<Message ID="AxisName::ID=368" Content="Z68" />
	<Message ID="AxisName::ID=369" Content="Z69" />
	<Message ID="AxisName::ID=370" Content="Z70" />
	<Message ID="AxisName::ID=371" Content="Z71" />
	<Message ID="AxisName::ID=372" Content="Z72" />
	<Message ID="AxisName::ID=373" Content="Z73" />
	<Message ID="AxisName::ID=374" Content="Z74" />
	<Message ID="AxisName::ID=375" Content="Z75" />
	<Message ID="AxisName::ID=376" Content="Z76" />
	<Message ID="AxisName::ID=377" Content="Z77" />
	<Message ID="AxisName::ID=378" Content="Z78" />
	<Message ID="AxisName::ID=379" Content="Z79" />
	<Message ID="AxisName::ID=380" Content="Z80" />
	<Message ID="AxisName::ID=381" Content="Z81" />
	<Message ID="AxisName::ID=382" Content="Z82" />
	<Message ID="AxisName::ID=383" Content="Z83" />
	<Message ID="AxisName::ID=384" Content="Z84" />
	<Message ID="AxisName::ID=385" Content="Z85" />
	<Message ID="AxisName::ID=386" Content="Z86" />
	<Message ID="AxisName::ID=387" Content="Z87" />
	<Message ID="AxisName::ID=388" Content="Z88" />
	<Message ID="AxisName::ID=389" Content="Z89" />
	<Message ID="AxisName::ID=390" Content="Z90" />
	<Message ID="AxisName::ID=391" Content="Z91" />
	<Message ID="AxisName::ID=392" Content="Z92" />
	<Message ID="AxisName::ID=393" Content="Z93" />
	<Message ID="AxisName::ID=394" Content="Z94" />
	<Message ID="AxisName::ID=395" Content="Z95" />
	<Message ID="AxisName::ID=396" Content="Z96" />
	<Message ID="AxisName::ID=397" Content="Z97" />
	<Message ID="AxisName::ID=398" Content="Z98" />
	<Message ID="AxisName::ID=399" Content="Z99" />
	<Message ID="AxisName::ID=400" Content="A" />
	<Message ID="AxisName::ID=401" Content="A1" />
	<Message ID="AxisName::ID=402" Content="A2" />
	<Message ID="AxisName::ID=403" Content="A3" />
	<Message ID="AxisName::ID=404" Content="A4" />
	<Message ID="AxisName::ID=405" Content="A5" />
	<Message ID="AxisName::ID=406" Content="A6" />
	<Message ID="AxisName::ID=407" Content="A7" />
	<Message ID="AxisName::ID=408" Content="A8" />
	<Message ID="AxisName::ID=409" Content="A9" />
	<Message ID="AxisName::ID=410" Content="A10" />
	<Message ID="AxisName::ID=411" Content="A11" />
	<Message ID="AxisName::ID=412" Content="A12" />
	<Message ID="AxisName::ID=413" Content="A13" />
	<Message ID="AxisName::ID=414" Content="A14" />
	<Message ID="AxisName::ID=415" Content="A15" />
	<Message ID="AxisName::ID=416" Content="A16" />
	<Message ID="AxisName::ID=417" Content="A17" />
	<Message ID="AxisName::ID=418" Content="A18" />
	<Message ID="AxisName::ID=419" Content="A19" />
	<Message ID="AxisName::ID=420" Content="A20" />
	<Message ID="AxisName::ID=421" Content="A21" />
	<Message ID="AxisName::ID=422" Content="A22" />
	<Message ID="AxisName::ID=423" Content="A23" />
	<Message ID="AxisName::ID=424" Content="A24" />
	<Message ID="AxisName::ID=425" Content="A25" />
	<Message ID="AxisName::ID=426" Content="A26" />
	<Message ID="AxisName::ID=427" Content="A27" />
	<Message ID="AxisName::ID=428" Content="A28" />
	<Message ID="AxisName::ID=429" Content="A29" />
	<Message ID="AxisName::ID=430" Content="A30" />
	<Message ID="AxisName::ID=431" Content="A31" />
	<Message ID="AxisName::ID=432" Content="A32" />
	<Message ID="AxisName::ID=433" Content="A33" />
	<Message ID="AxisName::ID=434" Content="A34" />
	<Message ID="AxisName::ID=435" Content="A35" />
	<Message ID="AxisName::ID=436" Content="A36" />
	<Message ID="AxisName::ID=437" Content="A37" />
	<Message ID="AxisName::ID=438" Content="A38" />
	<Message ID="AxisName::ID=439" Content="A39" />
	<Message ID="AxisName::ID=440" Content="A40" />
	<Message ID="AxisName::ID=441" Content="A41" />
	<Message ID="AxisName::ID=442" Content="A42" />
	<Message ID="AxisName::ID=443" Content="A43" />
	<Message ID="AxisName::ID=444" Content="A44" />
	<Message ID="AxisName::ID=445" Content="A45" />
	<Message ID="AxisName::ID=446" Content="A46" />
	<Message ID="AxisName::ID=447" Content="A47" />
	<Message ID="AxisName::ID=448" Content="A48" />
	<Message ID="AxisName::ID=449" Content="A49" />
	<Message ID="AxisName::ID=450" Content="A50" />
	<Message ID="AxisName::ID=451" Content="A51" />
	<Message ID="AxisName::ID=452" Content="A52" />
	<Message ID="AxisName::ID=453" Content="A53" />
	<Message ID="AxisName::ID=454" Content="A54" />
	<Message ID="AxisName::ID=455" Content="A55" />
	<Message ID="AxisName::ID=456" Content="A56" />
	<Message ID="AxisName::ID=457" Content="A57" />
	<Message ID="AxisName::ID=458" Content="A58" />
	<Message ID="AxisName::ID=459" Content="A59" />
	<Message ID="AxisName::ID=460" Content="A60" />
	<Message ID="AxisName::ID=461" Content="A61" />
	<Message ID="AxisName::ID=462" Content="A62" />
	<Message ID="AxisName::ID=463" Content="A63" />
	<Message ID="AxisName::ID=464" Content="A64" />
	<Message ID="AxisName::ID=465" Content="A65" />
	<Message ID="AxisName::ID=466" Content="A66" />
	<Message ID="AxisName::ID=467" Content="A67" />
	<Message ID="AxisName::ID=468" Content="A68" />
	<Message ID="AxisName::ID=469" Content="A69" />
	<Message ID="AxisName::ID=470" Content="A70" />
	<Message ID="AxisName::ID=471" Content="A71" />
	<Message ID="AxisName::ID=472" Content="A72" />
	<Message ID="AxisName::ID=473" Content="A73" />
	<Message ID="AxisName::ID=474" Content="A74" />
	<Message ID="AxisName::ID=475" Content="A75" />
	<Message ID="AxisName::ID=476" Content="A76" />
	<Message ID="AxisName::ID=477" Content="A77" />
	<Message ID="AxisName::ID=478" Content="A78" />
	<Message ID="AxisName::ID=479" Content="A79" />
	<Message ID="AxisName::ID=480" Content="A80" />
	<Message ID="AxisName::ID=481" Content="A81" />
	<Message ID="AxisName::ID=482" Content="A82" />
	<Message ID="AxisName::ID=483" Content="A83" />
	<Message ID="AxisName::ID=484" Content="A84" />
	<Message ID="AxisName::ID=485" Content="A85" />
	<Message ID="AxisName::ID=486" Content="A86" />
	<Message ID="AxisName::ID=487" Content="A87" />
	<Message ID="AxisName::ID=488" Content="A88" />
	<Message ID="AxisName::ID=489" Content="A89" />
	<Message ID="AxisName::ID=490" Content="A90" />
	<Message ID="AxisName::ID=491" Content="A91" />
	<Message ID="AxisName::ID=492" Content="A92" />
	<Message ID="AxisName::ID=493" Content="A93" />
	<Message ID="AxisName::ID=494" Content="A94" />
	<Message ID="AxisName::ID=495" Content="A95" />
	<Message ID="AxisName::ID=496" Content="A96" />
	<Message ID="AxisName::ID=497" Content="A97" />
	<Message ID="AxisName::ID=498" Content="A98" />
	<Message ID="AxisName::ID=499" Content="A99" />
	<Message ID="AxisName::ID=500" Content="B" />
	<Message ID="AxisName::ID=501" Content="B1" />
	<Message ID="AxisName::ID=502" Content="B2" />
	<Message ID="AxisName::ID=503" Content="B3" />
	<Message ID="AxisName::ID=504" Content="B4" />
	<Message ID="AxisName::ID=505" Content="B5" />
	<Message ID="AxisName::ID=506" Content="B6" />
	<Message ID="AxisName::ID=507" Content="B7" />
	<Message ID="AxisName::ID=508" Content="B8" />
	<Message ID="AxisName::ID=509" Content="B9" />
	<Message ID="AxisName::ID=510" Content="B10" />
	<Message ID="AxisName::ID=511" Content="B11" />
	<Message ID="AxisName::ID=512" Content="B12" />
	<Message ID="AxisName::ID=513" Content="B13" />
	<Message ID="AxisName::ID=514" Content="B14" />
	<Message ID="AxisName::ID=515" Content="B15" />
	<Message ID="AxisName::ID=516" Content="B16" />
	<Message ID="AxisName::ID=517" Content="B17" />
	<Message ID="AxisName::ID=518" Content="B18" />
	<Message ID="AxisName::ID=519" Content="B19" />
	<Message ID="AxisName::ID=520" Content="B20" />
	<Message ID="AxisName::ID=521" Content="B21" />
	<Message ID="AxisName::ID=522" Content="B22" />
	<Message ID="AxisName::ID=523" Content="B23" />
	<Message ID="AxisName::ID=524" Content="B24" />
	<Message ID="AxisName::ID=525" Content="B25" />
	<Message ID="AxisName::ID=526" Content="B26" />
	<Message ID="AxisName::ID=527" Content="B27" />
	<Message ID="AxisName::ID=528" Content="B28" />
	<Message ID="AxisName::ID=529" Content="B29" />
	<Message ID="AxisName::ID=530" Content="B30" />
	<Message ID="AxisName::ID=531" Content="B31" />
	<Message ID="AxisName::ID=532" Content="B32" />
	<Message ID="AxisName::ID=533" Content="B33" />
	<Message ID="AxisName::ID=534" Content="B34" />
	<Message ID="AxisName::ID=535" Content="B35" />
	<Message ID="AxisName::ID=536" Content="B36" />
	<Message ID="AxisName::ID=537" Content="B37" />
	<Message ID="AxisName::ID=538" Content="B38" />
	<Message ID="AxisName::ID=539" Content="B39" />
	<Message ID="AxisName::ID=540" Content="B40" />
	<Message ID="AxisName::ID=541" Content="B41" />
	<Message ID="AxisName::ID=542" Content="B42" />
	<Message ID="AxisName::ID=543" Content="B43" />
	<Message ID="AxisName::ID=544" Content="B44" />
	<Message ID="AxisName::ID=545" Content="B45" />
	<Message ID="AxisName::ID=546" Content="B46" />
	<Message ID="AxisName::ID=547" Content="B47" />
	<Message ID="AxisName::ID=548" Content="B48" />
	<Message ID="AxisName::ID=549" Content="B49" />
	<Message ID="AxisName::ID=550" Content="B50" />
	<Message ID="AxisName::ID=551" Content="B51" />
	<Message ID="AxisName::ID=552" Content="B52" />
	<Message ID="AxisName::ID=553" Content="B53" />
	<Message ID="AxisName::ID=554" Content="B54" />
	<Message ID="AxisName::ID=555" Content="B55" />
	<Message ID="AxisName::ID=556" Content="B56" />
	<Message ID="AxisName::ID=557" Content="B57" />
	<Message ID="AxisName::ID=558" Content="B58" />
	<Message ID="AxisName::ID=559" Content="B59" />
	<Message ID="AxisName::ID=560" Content="B60" />
	<Message ID="AxisName::ID=561" Content="B61" />
	<Message ID="AxisName::ID=562" Content="B62" />
	<Message ID="AxisName::ID=563" Content="B63" />
	<Message ID="AxisName::ID=564" Content="B64" />
	<Message ID="AxisName::ID=565" Content="B65" />
	<Message ID="AxisName::ID=566" Content="B66" />
	<Message ID="AxisName::ID=567" Content="B67" />
	<Message ID="AxisName::ID=568" Content="B68" />
	<Message ID="AxisName::ID=569" Content="B69" />
	<Message ID="AxisName::ID=570" Content="B70" />
	<Message ID="AxisName::ID=571" Content="B71" />
	<Message ID="AxisName::ID=572" Content="B72" />
	<Message ID="AxisName::ID=573" Content="B73" />
	<Message ID="AxisName::ID=574" Content="B74" />
	<Message ID="AxisName::ID=575" Content="B75" />
	<Message ID="AxisName::ID=576" Content="B76" />
	<Message ID="AxisName::ID=577" Content="B77" />
	<Message ID="AxisName::ID=578" Content="B78" />
	<Message ID="AxisName::ID=579" Content="B79" />
	<Message ID="AxisName::ID=580" Content="B80" />
	<Message ID="AxisName::ID=581" Content="B81" />
	<Message ID="AxisName::ID=582" Content="B82" />
	<Message ID="AxisName::ID=583" Content="B83" />
	<Message ID="AxisName::ID=584" Content="B84" />
	<Message ID="AxisName::ID=585" Content="B85" />
	<Message ID="AxisName::ID=586" Content="B86" />
	<Message ID="AxisName::ID=587" Content="B87" />
	<Message ID="AxisName::ID=588" Content="B88" />
	<Message ID="AxisName::ID=589" Content="B89" />
	<Message ID="AxisName::ID=590" Content="B90" />
	<Message ID="AxisName::ID=591" Content="B91" />
	<Message ID="AxisName::ID=592" Content="B92" />
	<Message ID="AxisName::ID=593" Content="B93" />
	<Message ID="AxisName::ID=594" Content="B94" />
	<Message ID="AxisName::ID=595" Content="B95" />
	<Message ID="AxisName::ID=596" Content="B96" />
	<Message ID="AxisName::ID=597" Content="B97" />
	<Message ID="AxisName::ID=598" Content="B98" />
	<Message ID="AxisName::ID=599" Content="B99" />
	<Message ID="AxisName::ID=600" Content="C" />
	<Message ID="AxisName::ID=601" Content="C1" />
	<Message ID="AxisName::ID=602" Content="C2" />
	<Message ID="AxisName::ID=603" Content="C3" />
	<Message ID="AxisName::ID=604" Content="C4" />
	<Message ID="AxisName::ID=605" Content="C5" />
	<Message ID="AxisName::ID=606" Content="C6" />
	<Message ID="AxisName::ID=607" Content="C7" />
	<Message ID="AxisName::ID=608" Content="C8" />
	<Message ID="AxisName::ID=609" Content="C9" />
	<Message ID="AxisName::ID=610" Content="C10" />
	<Message ID="AxisName::ID=611" Content="C11" />
	<Message ID="AxisName::ID=612" Content="C12" />
	<Message ID="AxisName::ID=613" Content="C13" />
	<Message ID="AxisName::ID=614" Content="C14" />
	<Message ID="AxisName::ID=615" Content="C15" />
	<Message ID="AxisName::ID=616" Content="C16" />
	<Message ID="AxisName::ID=617" Content="C17" />
	<Message ID="AxisName::ID=618" Content="C18" />
	<Message ID="AxisName::ID=619" Content="C19" />
	<Message ID="AxisName::ID=620" Content="C20" />
	<Message ID="AxisName::ID=621" Content="C21" />
	<Message ID="AxisName::ID=622" Content="C22" />
	<Message ID="AxisName::ID=623" Content="C23" />
	<Message ID="AxisName::ID=624" Content="C24" />
	<Message ID="AxisName::ID=625" Content="C25" />
	<Message ID="AxisName::ID=626" Content="C26" />
	<Message ID="AxisName::ID=627" Content="C27" />
	<Message ID="AxisName::ID=628" Content="C28" />
	<Message ID="AxisName::ID=629" Content="C29" />
	<Message ID="AxisName::ID=630" Content="C30" />
	<Message ID="AxisName::ID=631" Content="C31" />
	<Message ID="AxisName::ID=632" Content="C32" />
	<Message ID="AxisName::ID=633" Content="C33" />
	<Message ID="AxisName::ID=634" Content="C34" />
	<Message ID="AxisName::ID=635" Content="C35" />
	<Message ID="AxisName::ID=636" Content="C36" />
	<Message ID="AxisName::ID=637" Content="C37" />
	<Message ID="AxisName::ID=638" Content="C38" />
	<Message ID="AxisName::ID=639" Content="C39" />
	<Message ID="AxisName::ID=640" Content="C40" />
	<Message ID="AxisName::ID=641" Content="C41" />
	<Message ID="AxisName::ID=642" Content="C42" />
	<Message ID="AxisName::ID=643" Content="C43" />
	<Message ID="AxisName::ID=644" Content="C44" />
	<Message ID="AxisName::ID=645" Content="C45" />
	<Message ID="AxisName::ID=646" Content="C46" />
	<Message ID="AxisName::ID=647" Content="C47" />
	<Message ID="AxisName::ID=648" Content="C48" />
	<Message ID="AxisName::ID=649" Content="C49" />
	<Message ID="AxisName::ID=650" Content="C50" />
	<Message ID="AxisName::ID=651" Content="C51" />
	<Message ID="AxisName::ID=652" Content="C52" />
	<Message ID="AxisName::ID=653" Content="C53" />
	<Message ID="AxisName::ID=654" Content="C54" />
	<Message ID="AxisName::ID=655" Content="C55" />
	<Message ID="AxisName::ID=656" Content="C56" />
	<Message ID="AxisName::ID=657" Content="C57" />
	<Message ID="AxisName::ID=658" Content="C58" />
	<Message ID="AxisName::ID=659" Content="C59" />
	<Message ID="AxisName::ID=660" Content="C60" />
	<Message ID="AxisName::ID=661" Content="C61" />
	<Message ID="AxisName::ID=662" Content="C62" />
	<Message ID="AxisName::ID=663" Content="C63" />
	<Message ID="AxisName::ID=664" Content="C64" />
	<Message ID="AxisName::ID=665" Content="C65" />
	<Message ID="AxisName::ID=666" Content="C66" />
	<Message ID="AxisName::ID=667" Content="C67" />
	<Message ID="AxisName::ID=668" Content="C68" />
	<Message ID="AxisName::ID=669" Content="C69" />
	<Message ID="AxisName::ID=670" Content="C70" />
	<Message ID="AxisName::ID=671" Content="C71" />
	<Message ID="AxisName::ID=672" Content="C72" />
	<Message ID="AxisName::ID=673" Content="C73" />
	<Message ID="AxisName::ID=674" Content="C74" />
	<Message ID="AxisName::ID=675" Content="C75" />
	<Message ID="AxisName::ID=676" Content="C76" />
	<Message ID="AxisName::ID=677" Content="C77" />
	<Message ID="AxisName::ID=678" Content="C78" />
	<Message ID="AxisName::ID=679" Content="C79" />
	<Message ID="AxisName::ID=680" Content="C80" />
	<Message ID="AxisName::ID=681" Content="C81" />
	<Message ID="AxisName::ID=682" Content="C82" />
	<Message ID="AxisName::ID=683" Content="C83" />
	<Message ID="AxisName::ID=684" Content="C84" />
	<Message ID="AxisName::ID=685" Content="C85" />
	<Message ID="AxisName::ID=686" Content="C86" />
	<Message ID="AxisName::ID=687" Content="C87" />
	<Message ID="AxisName::ID=688" Content="C88" />
	<Message ID="AxisName::ID=689" Content="C89" />
	<Message ID="AxisName::ID=690" Content="C90" />
	<Message ID="AxisName::ID=691" Content="C91" />
	<Message ID="AxisName::ID=692" Content="C92" />
	<Message ID="AxisName::ID=693" Content="C93" />
	<Message ID="AxisName::ID=694" Content="C94" />
	<Message ID="AxisName::ID=695" Content="C95" />
	<Message ID="AxisName::ID=696" Content="C96" />
	<Message ID="AxisName::ID=697" Content="C97" />
	<Message ID="AxisName::ID=698" Content="C98" />
	<Message ID="AxisName::ID=699" Content="C99" />
	<Message ID="AxisName::ID=700" Content="U" />
	<Message ID="AxisName::ID=701" Content="U1" />
	<Message ID="AxisName::ID=702" Content="U2" />
	<Message ID="AxisName::ID=703" Content="U3" />
	<Message ID="AxisName::ID=704" Content="U4" />
	<Message ID="AxisName::ID=705" Content="U5" />
	<Message ID="AxisName::ID=706" Content="U6" />
	<Message ID="AxisName::ID=707" Content="U7" />
	<Message ID="AxisName::ID=708" Content="U8" />
	<Message ID="AxisName::ID=709" Content="U9" />
	<Message ID="AxisName::ID=710" Content="U10" />
	<Message ID="AxisName::ID=711" Content="U11" />
	<Message ID="AxisName::ID=712" Content="U12" />
	<Message ID="AxisName::ID=713" Content="U13" />
	<Message ID="AxisName::ID=714" Content="U14" />
	<Message ID="AxisName::ID=715" Content="U15" />
	<Message ID="AxisName::ID=716" Content="U16" />
	<Message ID="AxisName::ID=717" Content="U17" />
	<Message ID="AxisName::ID=718" Content="U18" />
	<Message ID="AxisName::ID=719" Content="U19" />
	<Message ID="AxisName::ID=720" Content="U20" />
	<Message ID="AxisName::ID=721" Content="U21" />
	<Message ID="AxisName::ID=722" Content="U22" />
	<Message ID="AxisName::ID=723" Content="U23" />
	<Message ID="AxisName::ID=724" Content="U24" />
	<Message ID="AxisName::ID=725" Content="U25" />
	<Message ID="AxisName::ID=726" Content="U26" />
	<Message ID="AxisName::ID=727" Content="U27" />
	<Message ID="AxisName::ID=728" Content="U28" />
	<Message ID="AxisName::ID=729" Content="U29" />
	<Message ID="AxisName::ID=730" Content="U30" />
	<Message ID="AxisName::ID=731" Content="U31" />
	<Message ID="AxisName::ID=732" Content="U32" />
	<Message ID="AxisName::ID=733" Content="U33" />
	<Message ID="AxisName::ID=734" Content="U34" />
	<Message ID="AxisName::ID=735" Content="U35" />
	<Message ID="AxisName::ID=736" Content="U36" />
	<Message ID="AxisName::ID=737" Content="U37" />
	<Message ID="AxisName::ID=738" Content="U38" />
	<Message ID="AxisName::ID=739" Content="U39" />
	<Message ID="AxisName::ID=740" Content="U40" />
	<Message ID="AxisName::ID=741" Content="U41" />
	<Message ID="AxisName::ID=742" Content="U42" />
	<Message ID="AxisName::ID=743" Content="U43" />
	<Message ID="AxisName::ID=744" Content="U44" />
	<Message ID="AxisName::ID=745" Content="U45" />
	<Message ID="AxisName::ID=746" Content="U46" />
	<Message ID="AxisName::ID=747" Content="U47" />
	<Message ID="AxisName::ID=748" Content="U48" />
	<Message ID="AxisName::ID=749" Content="U49" />
	<Message ID="AxisName::ID=750" Content="U50" />
	<Message ID="AxisName::ID=751" Content="U51" />
	<Message ID="AxisName::ID=752" Content="U52" />
	<Message ID="AxisName::ID=753" Content="U53" />
	<Message ID="AxisName::ID=754" Content="U54" />
	<Message ID="AxisName::ID=755" Content="U55" />
	<Message ID="AxisName::ID=756" Content="U56" />
	<Message ID="AxisName::ID=757" Content="U57" />
	<Message ID="AxisName::ID=758" Content="U58" />
	<Message ID="AxisName::ID=759" Content="U59" />
	<Message ID="AxisName::ID=760" Content="U60" />
	<Message ID="AxisName::ID=761" Content="U61" />
	<Message ID="AxisName::ID=762" Content="U62" />
	<Message ID="AxisName::ID=763" Content="U63" />
	<Message ID="AxisName::ID=764" Content="U64" />
	<Message ID="AxisName::ID=765" Content="U65" />
	<Message ID="AxisName::ID=766" Content="U66" />
	<Message ID="AxisName::ID=767" Content="U67" />
	<Message ID="AxisName::ID=768" Content="U68" />
	<Message ID="AxisName::ID=769" Content="U69" />
	<Message ID="AxisName::ID=770" Content="U70" />
	<Message ID="AxisName::ID=771" Content="U71" />
	<Message ID="AxisName::ID=772" Content="U72" />
	<Message ID="AxisName::ID=773" Content="U73" />
	<Message ID="AxisName::ID=774" Content="U74" />
	<Message ID="AxisName::ID=775" Content="U75" />
	<Message ID="AxisName::ID=776" Content="U76" />
	<Message ID="AxisName::ID=777" Content="U77" />
	<Message ID="AxisName::ID=778" Content="U78" />
	<Message ID="AxisName::ID=779" Content="U79" />
	<Message ID="AxisName::ID=780" Content="U80" />
	<Message ID="AxisName::ID=781" Content="U81" />
	<Message ID="AxisName::ID=782" Content="U82" />
	<Message ID="AxisName::ID=783" Content="U83" />
	<Message ID="AxisName::ID=784" Content="U84" />
	<Message ID="AxisName::ID=785" Content="U85" />
	<Message ID="AxisName::ID=786" Content="U86" />
	<Message ID="AxisName::ID=787" Content="U87" />
	<Message ID="AxisName::ID=788" Content="U88" />
	<Message ID="AxisName::ID=789" Content="U89" />
	<Message ID="AxisName::ID=790" Content="U90" />
	<Message ID="AxisName::ID=791" Content="U91" />
	<Message ID="AxisName::ID=792" Content="U92" />
	<Message ID="AxisName::ID=793" Content="U93" />
	<Message ID="AxisName::ID=794" Content="U94" />
	<Message ID="AxisName::ID=795" Content="U95" />
	<Message ID="AxisName::ID=796" Content="U96" />
	<Message ID="AxisName::ID=797" Content="U97" />
	<Message ID="AxisName::ID=798" Content="U98" />
	<Message ID="AxisName::ID=799" Content="U99" />
	<Message ID="AxisName::ID=800" Content="V" />
	<Message ID="AxisName::ID=801" Content="V1" />
	<Message ID="AxisName::ID=802" Content="V2" />
	<Message ID="AxisName::ID=803" Content="V3" />
	<Message ID="AxisName::ID=804" Content="V4" />
	<Message ID="AxisName::ID=805" Content="V5" />
	<Message ID="AxisName::ID=806" Content="V6" />
	<Message ID="AxisName::ID=807" Content="V7" />
	<Message ID="AxisName::ID=808" Content="V8" />
	<Message ID="AxisName::ID=809" Content="V9" />
	<Message ID="AxisName::ID=810" Content="V10" />
	<Message ID="AxisName::ID=811" Content="V11" />
	<Message ID="AxisName::ID=812" Content="V12" />
	<Message ID="AxisName::ID=813" Content="V13" />
	<Message ID="AxisName::ID=814" Content="V14" />
	<Message ID="AxisName::ID=815" Content="V15" />
	<Message ID="AxisName::ID=816" Content="V16" />
	<Message ID="AxisName::ID=817" Content="V17" />
	<Message ID="AxisName::ID=818" Content="V18" />
	<Message ID="AxisName::ID=819" Content="V19" />
	<Message ID="AxisName::ID=820" Content="V20" />
	<Message ID="AxisName::ID=821" Content="V21" />
	<Message ID="AxisName::ID=822" Content="V22" />
	<Message ID="AxisName::ID=823" Content="V23" />
	<Message ID="AxisName::ID=824" Content="V24" />
	<Message ID="AxisName::ID=825" Content="V25" />
	<Message ID="AxisName::ID=826" Content="V26" />
	<Message ID="AxisName::ID=827" Content="V27" />
	<Message ID="AxisName::ID=828" Content="V28" />
	<Message ID="AxisName::ID=829" Content="V29" />
	<Message ID="AxisName::ID=830" Content="V30" />
	<Message ID="AxisName::ID=831" Content="V31" />
	<Message ID="AxisName::ID=832" Content="V32" />
	<Message ID="AxisName::ID=833" Content="V33" />
	<Message ID="AxisName::ID=834" Content="V34" />
	<Message ID="AxisName::ID=835" Content="V35" />
	<Message ID="AxisName::ID=836" Content="V36" />
	<Message ID="AxisName::ID=837" Content="V37" />
	<Message ID="AxisName::ID=838" Content="V38" />
	<Message ID="AxisName::ID=839" Content="V39" />
	<Message ID="AxisName::ID=840" Content="V40" />
	<Message ID="AxisName::ID=841" Content="V41" />
	<Message ID="AxisName::ID=842" Content="V42" />
	<Message ID="AxisName::ID=843" Content="V43" />
	<Message ID="AxisName::ID=844" Content="V44" />
	<Message ID="AxisName::ID=845" Content="V45" />
	<Message ID="AxisName::ID=846" Content="V46" />
	<Message ID="AxisName::ID=847" Content="V47" />
	<Message ID="AxisName::ID=848" Content="V48" />
	<Message ID="AxisName::ID=849" Content="V49" />
	<Message ID="AxisName::ID=850" Content="V50" />
	<Message ID="AxisName::ID=851" Content="V51" />
	<Message ID="AxisName::ID=852" Content="V52" />
	<Message ID="AxisName::ID=853" Content="V53" />
	<Message ID="AxisName::ID=854" Content="V54" />
	<Message ID="AxisName::ID=855" Content="V55" />
	<Message ID="AxisName::ID=856" Content="V56" />
	<Message ID="AxisName::ID=857" Content="V57" />
	<Message ID="AxisName::ID=858" Content="V58" />
	<Message ID="AxisName::ID=859" Content="V59" />
	<Message ID="AxisName::ID=860" Content="V60" />
	<Message ID="AxisName::ID=861" Content="V61" />
	<Message ID="AxisName::ID=862" Content="V62" />
	<Message ID="AxisName::ID=863" Content="V63" />
	<Message ID="AxisName::ID=864" Content="V64" />
	<Message ID="AxisName::ID=865" Content="V65" />
	<Message ID="AxisName::ID=866" Content="V66" />
	<Message ID="AxisName::ID=867" Content="V67" />
	<Message ID="AxisName::ID=868" Content="V68" />
	<Message ID="AxisName::ID=869" Content="V69" />
	<Message ID="AxisName::ID=870" Content="V70" />
	<Message ID="AxisName::ID=871" Content="V71" />
	<Message ID="AxisName::ID=872" Content="V72" />
	<Message ID="AxisName::ID=873" Content="V73" />
	<Message ID="AxisName::ID=874" Content="V74" />
	<Message ID="AxisName::ID=875" Content="V75" />
	<Message ID="AxisName::ID=876" Content="V76" />
	<Message ID="AxisName::ID=877" Content="V77" />
	<Message ID="AxisName::ID=878" Content="V78" />
	<Message ID="AxisName::ID=879" Content="V79" />
	<Message ID="AxisName::ID=880" Content="V80" />
	<Message ID="AxisName::ID=881" Content="V81" />
	<Message ID="AxisName::ID=882" Content="V82" />
	<Message ID="AxisName::ID=883" Content="V83" />
	<Message ID="AxisName::ID=884" Content="V84" />
	<Message ID="AxisName::ID=885" Content="V85" />
	<Message ID="AxisName::ID=886" Content="V86" />
	<Message ID="AxisName::ID=887" Content="V87" />
	<Message ID="AxisName::ID=888" Content="V88" />
	<Message ID="AxisName::ID=889" Content="V89" />
	<Message ID="AxisName::ID=890" Content="V90" />
	<Message ID="AxisName::ID=891" Content="V91" />
	<Message ID="AxisName::ID=892" Content="V92" />
	<Message ID="AxisName::ID=893" Content="V93" />
	<Message ID="AxisName::ID=894" Content="V94" />
	<Message ID="AxisName::ID=895" Content="V95" />
	<Message ID="AxisName::ID=896" Content="V96" />
	<Message ID="AxisName::ID=897" Content="V97" />
	<Message ID="AxisName::ID=898" Content="V98" />
	<Message ID="AxisName::ID=899" Content="V99" />
	<Message ID="AxisName::ID=900" Content="W" />
	<Message ID="AxisName::ID=901" Content="W1" />
	<Message ID="AxisName::ID=902" Content="W2" />
	<Message ID="AxisName::ID=903" Content="W3" />
	<Message ID="AxisName::ID=904" Content="W4" />
	<Message ID="AxisName::ID=905" Content="W5" />
	<Message ID="AxisName::ID=906" Content="W6" />
	<Message ID="AxisName::ID=907" Content="W7" />
	<Message ID="AxisName::ID=908" Content="W8" />
	<Message ID="AxisName::ID=909" Content="W9" />
	<Message ID="AxisName::ID=910" Content="W10" />
	<Message ID="AxisName::ID=911" Content="W11" />
	<Message ID="AxisName::ID=912" Content="W12" />
	<Message ID="AxisName::ID=913" Content="W13" />
	<Message ID="AxisName::ID=914" Content="W14" />
	<Message ID="AxisName::ID=915" Content="W15" />
	<Message ID="AxisName::ID=916" Content="W16" />
	<Message ID="AxisName::ID=917" Content="W17" />
	<Message ID="AxisName::ID=918" Content="W18" />
	<Message ID="AxisName::ID=919" Content="W19" />
	<Message ID="AxisName::ID=920" Content="W20" />
	<Message ID="AxisName::ID=921" Content="W21" />
	<Message ID="AxisName::ID=922" Content="W22" />
	<Message ID="AxisName::ID=923" Content="W23" />
	<Message ID="AxisName::ID=924" Content="W24" />
	<Message ID="AxisName::ID=925" Content="W25" />
	<Message ID="AxisName::ID=926" Content="W26" />
	<Message ID="AxisName::ID=927" Content="W27" />
	<Message ID="AxisName::ID=928" Content="W28" />
	<Message ID="AxisName::ID=929" Content="W29" />
	<Message ID="AxisName::ID=930" Content="W30" />
	<Message ID="AxisName::ID=931" Content="W31" />
	<Message ID="AxisName::ID=932" Content="W32" />
	<Message ID="AxisName::ID=933" Content="W33" />
	<Message ID="AxisName::ID=934" Content="W34" />
	<Message ID="AxisName::ID=935" Content="W35" />
	<Message ID="AxisName::ID=936" Content="W36" />
	<Message ID="AxisName::ID=937" Content="W37" />
	<Message ID="AxisName::ID=938" Content="W38" />
	<Message ID="AxisName::ID=939" Content="W39" />
	<Message ID="AxisName::ID=940" Content="W40" />
	<Message ID="AxisName::ID=941" Content="W41" />
	<Message ID="AxisName::ID=942" Content="W42" />
	<Message ID="AxisName::ID=943" Content="W43" />
	<Message ID="AxisName::ID=944" Content="W44" />
	<Message ID="AxisName::ID=945" Content="W45" />
	<Message ID="AxisName::ID=946" Content="W46" />
	<Message ID="AxisName::ID=947" Content="W47" />
	<Message ID="AxisName::ID=948" Content="W48" />
	<Message ID="AxisName::ID=949" Content="W49" />
	<Message ID="AxisName::ID=950" Content="W50" />
	<Message ID="AxisName::ID=951" Content="W51" />
	<Message ID="AxisName::ID=952" Content="W52" />
	<Message ID="AxisName::ID=953" Content="W53" />
	<Message ID="AxisName::ID=954" Content="W54" />
	<Message ID="AxisName::ID=955" Content="W55" />
	<Message ID="AxisName::ID=956" Content="W56" />
	<Message ID="AxisName::ID=957" Content="W57" />
	<Message ID="AxisName::ID=958" Content="W58" />
	<Message ID="AxisName::ID=959" Content="W59" />
	<Message ID="AxisName::ID=960" Content="W60" />
	<Message ID="AxisName::ID=961" Content="W61" />
	<Message ID="AxisName::ID=962" Content="W62" />
	<Message ID="AxisName::ID=963" Content="W63" />
	<Message ID="AxisName::ID=964" Content="W64" />
	<Message ID="AxisName::ID=965" Content="W65" />
	<Message ID="AxisName::ID=966" Content="W66" />
	<Message ID="AxisName::ID=967" Content="W67" />
	<Message ID="AxisName::ID=968" Content="W68" />
	<Message ID="AxisName::ID=969" Content="W69" />
	<Message ID="AxisName::ID=970" Content="W70" />
	<Message ID="AxisName::ID=971" Content="W71" />
	<Message ID="AxisName::ID=972" Content="W72" />
	<Message ID="AxisName::ID=973" Content="W73" />
	<Message ID="AxisName::ID=974" Content="W74" />
	<Message ID="AxisName::ID=975" Content="W75" />
	<Message ID="AxisName::ID=976" Content="W76" />
	<Message ID="AxisName::ID=977" Content="W77" />
	<Message ID="AxisName::ID=978" Content="W78" />
	<Message ID="AxisName::ID=979" Content="W79" />
	<Message ID="AxisName::ID=980" Content="W80" />
	<Message ID="AxisName::ID=981" Content="W81" />
	<Message ID="AxisName::ID=982" Content="W82" />
	<Message ID="AxisName::ID=983" Content="W83" />
	<Message ID="AxisName::ID=984" Content="W84" />
	<Message ID="AxisName::ID=985" Content="W85" />
	<Message ID="AxisName::ID=986" Content="W86" />
	<Message ID="AxisName::ID=987" Content="W87" />
	<Message ID="AxisName::ID=988" Content="W88" />
	<Message ID="AxisName::ID=989" Content="W89" />
	<Message ID="AxisName::ID=990" Content="W90" />
	<Message ID="AxisName::ID=991" Content="W91" />
	<Message ID="AxisName::ID=992" Content="W92" />
	<Message ID="AxisName::ID=993" Content="W93" />
	<Message ID="AxisName::ID=994" Content="W94" />
	<Message ID="AxisName::ID=995" Content="W95" />
	<Message ID="AxisName::ID=996" Content="W96" />
	<Message ID="AxisName::ID=997" Content="W97" />
	<Message ID="AxisName::ID=998" Content="W98" />
	<Message ID="AxisName::ID=999" Content="W99" />
</ResMap>