﻿<?xml version="1.0" encoding="utf-8" ?>
<ResMap>
	<Message ID="MMI::NoParamGroup" Content="parameter group doesn't exist!" />
	<Message ID="GroupParam::milpm::3201" Content="*機床型態設定" />
	<Message ID="GroupParam::ktx71::3201" Content="*機床型態設定" />
	<Message ID="GroupParam::ktx51::3201" Content="*機床型態設定" />
	<Message ID="GroupParam::milpm::4001" Content="設定啄攻型態(0:一般;1:高速)" />
	<Message ID="GroupParam::milpm::4002" Content="設定鑽孔循環退刀量(LIU)" />
	<Message ID="GroupParam::milpm::4004" Content="設定攻牙循環退刀量(LIU)" />
	<Message ID="GroupParam::milpm::4006" Content="設定攻牙循環退刀速度(%)" />
	<Message ID="GroupParam::milpm::4007" Content="串列主軸攻牙前定位功能(0:關閉;1:開啟)" />
	<Message ID="GroupParam::milpm::4008" Content="設定G81鑽孔循環型態(0:一般;1:快鑽)" />
	<Message ID="GroupParam::milpm::4010" Content="銑削循環平面進給量百分比" />
	<Message ID="GroupParam::milpm::4020" Content="設定塘孔主軸停止方向(0:X+,1:X-,2:Y+,3:Y-,4:Z+,5:Z-)" />
	<Message ID="GroupParam::milpm::4055" Content="G碼對刀指令的量測距離R" />
	<Message ID="GroupParam::milpm::4056" Content="G碼對刀指令的容許觸發訊號距離D" />
	<Message ID="GroupParam::milpm::4057" Content="G碼對刀指令的量測速度F" />
	<Message ID="GroupParam::milpm::4058" Content="G碼對刀指令的參考點P" />
	<Message ID="GroupParam::milpm::4059" Content="G37.1對刀指令的機械座標量測位置Z" />
	<Message ID="GroupParam::milpm::4060" Content="伺服落後補償功能(0:ZPEC;1:SPA)" />
	<Message ID="GroupParam::milpm::4070" Content="預設切削速度(根據公英制為 mm/min 或 inch/min)" />
	<Message ID="GroupParam::ktx71::4101" Content="*(請參考圖例:R1)固定基座上線性軸與中心距離 (um)" />
	<Message ID="GroupParam::ktx51::4101" Content="*第一臂長 (um)" />
	<Message ID="GroupParam::ktx71::4102" Content="*(請參考圖例:R2)移動平台上球接頭與中心距離 (um)" />
	<Message ID="GroupParam::ktx51::4102" Content="*第二臂長 (um)" />
	<Message ID="GroupParam::ktx71::4103" Content="*(請參考圖例:Alpha)線性軸與水平面夾角(0.001deg)" />
	<Message ID="GroupParam::ktx71::4104" Content="*機構姿態(0:朝下 1:朝上)" />
	<Message ID="GroupParam::ktx71::4105" Content="*(請參考圖例:L)PRS機構臂長 (um)" />
	<Message ID="GroupParam::ktx71::4106" Content="*(請參考圖例:h1)從移動平台中心沿X方向至主軸軸心距離 (um)" />
	<Message ID="GroupParam::ktx71::4107" Content="*(請參考圖例:h2)從移動平台中心沿Y方向至主軸軸心距離 (um)" />
	<Message ID="GroupParam::ktx51::4141" Content="第一關節的旋轉方向(0:未設定; 1:右手法則; 2:左手法則)" />
	<Message ID="GroupParam::ktx51::4142" Content="第二關節的旋轉方向(0:未設定; 1:右手法則; 2:左手法則)" />
	<Message ID="GroupParam::ktx51::4143" Content="第三關節的旋轉方向(0:未設定; 1:右手法則; 2:左手法則)" />
	<Message ID="GroupParam::ktx71::4181" Content="*第一軸原點校正初始偏移量 (um)" />
	<Message ID="GroupParam::ktx51::4181" Content="*第一軸原點校正初始偏移量 (0.001deg)" />
	<Message ID="GroupParam::ktx71::4182" Content="*第二軸原點校正初始偏移量 (um)" />
	<Message ID="GroupParam::ktx51::4182" Content="*第二軸原點校正初始偏移量 (0.001deg)" />
	<Message ID="GroupParam::ktx71::4183" Content="*第三軸原點校正初始偏移量 (um)" />
	<Message ID="GroupParam::ktx71::4184" Content="*第四軸原點校正初始偏移量 (um)" />
	<Message ID="GroupParam::ktx71::4185" Content="*第五軸原點校正初始偏移量 (um)" />
	<Message ID="GroupParam::ktx71::4191" Content="*基座相對於參考零點的X座標值 (um)" />
	<Message ID="GroupParam::ktx71::4192" Content="*基座相對於參考零點的Y座標值 (um)" />
	<Message ID="GroupParam::ktx71::4193" Content="*基座相對於參考零點的Z座標值 (um)" />
	<Message ID="GroupParam::ktx71::4194" Content="*原點座標方向描述方法(0: z方向旋轉; 1: 尤拉角)" />
	<Message ID="GroupParam::ktx71::4195" Content="*座標系沿程式坐標z軸旋轉量 (0.001deg)" />
	<Message ID="GroupParam::ktx71::4196" Content="*原點坐標系尤拉角(ZXZ) alpha (0.001deg)" />
	<Message ID="GroupParam::ktx71::4197" Content="*原點坐標系尤拉角(ZXZ) beta (0.001deg)" />
	<Message ID="GroupParam::ktx71::4198" Content="*原點坐標系尤拉角(ZXZ) gamma (0.001deg)" />
</ResMap>
