﻿<?xml version="1.0" encoding="UTF-8"?>
<ResMap>
  <Message ID="MMI::DriverParameter::SYNTEC_M3::Pn001" Content="紧急警报电机停止方式" />
  <Message ID="MMI::DriverParameter::SYNTEC_M3::Pn002" Content="开启定位完成时扭力限制功能" />
  <Message ID="MMI::DriverParameter::SYNTEC_M3::Pn003" Content="*UART封包协定" />
  <Message ID="MMI::DriverParameter::SYNTEC_M3::Pn010" Content="控制模式" />
  <Message ID="MMI::DriverParameter::SYNTEC_M3::Pn020" Content="上位控制器命令极性" />
  <Message ID="MMI::DriverParameter::SYNTEC_M3::Pn021" Content="*编码器回授方向极性" />
  <Message ID="MMI::DriverParameter::SYNTEC_M3::Pn022" Content="*第二编码器回授方向极性" />
  <Message ID="MMI::DriverParameter::SYNTEC_M3::Pn030" Content="*上位控制器通讯介面" />
  <Message ID="MMI::DriverParameter::SYNTEC_M3::Pn031" Content="*驱动器局号" />
  <Message ID="MMI::DriverParameter::SYNTEC_M3::Pn032" Content="*UART传输速率" />
  <Message ID="MMI::DriverParameter::SYNTEC_M3::Pn034" Content="*UART封包协定" />
  <Message ID="MMI::DriverParameter::SYNTEC_M3::Pn035" Content="轴号" />
  <Message ID="MMI::DriverParameter::SYNTEC_M3::Pn036" Content="*电源输入型态(0:三相,1:两相)" />
  <Message ID="MMI::DriverParameter::SYNTEC_M3::Pn100" Content="速度回路增益(0.1Hz)" />
  <Message ID="MMI::DriverParameter::SYNTEC_M3::Pn101" Content="速度回路积分时间常数(0.01ms)" />
  <Message ID="MMI::DriverParameter::SYNTEC_M3::Pn102" Content="位置回路增益(0.1/s)" />
  <Message ID="MMI::DriverParameter::SYNTEC_M3::Pn103" Content="负载惯量比(%)" />
  <Message ID="MMI::DriverParameter::SYNTEC_M3::Pn110" Content="弱磁控制电压准位(%)" />
  <Message ID="MMI::DriverParameter::SYNTEC_M3::Pn111" Content="开启自订V/f曲线" />
  <Message ID="MMI::DriverParameter::SYNTEC_M3::Pn112" Content="V/f操作曲线第一输出频率(0.1%)" />
  <Message ID="MMI::DriverParameter::SYNTEC_M3::Pn113" Content="V/f操作曲线第一输出电压(0.1%)" />
  <Message ID="MMI::DriverParameter::SYNTEC_M3::Pn114" Content="V/f操作曲线第二输出频率(0.1%)" />
  <Message ID="MMI::DriverParameter::SYNTEC_M3::Pn115" Content="V/f操作曲线第二输出电压(0.1%)" />
  <Message ID="MMI::DriverParameter::SYNTEC_M3::Pn20A" Content="*马达侧齿数" />
  <Message ID="MMI::DriverParameter::SYNTEC_M3::Pn20C" Content="*螺杆侧齿数" />
  <Message ID="MMI::DriverParameter::SYNTEC_M3::Pn212" Content="位置命令解析度(pulse/rev)" />
  <Message ID="MMI::DriverParameter::SYNTEC_M3::Pn22A" Content="*开启双回授控制模式" />
  <Message ID="MMI::DriverParameter::SYNTEC_M3::Pn22C" Content="双回授位置滤波时间常数(0.01ms)" />
  <Message ID="MMI::DriverParameter::SYNTEC_M3::Pn242" Content="主轴定位零速启动定位方式" />
  <Message ID="MMI::DriverParameter::SYNTEC_M3::Pn304" Content="JOG速度(rpm)" />
  <Message ID="MMI::DriverParameter::SYNTEC_M3::Pn306" Content="最高加速度(ms)" />
  <Message ID="MMI::DriverParameter::SYNTEC_M3::Pn307" Content="最高冲量(JERK)(ms)" />
  <Message ID="MMI::DriverParameter::SYNTEC_M3::Pn308" Content="速度滤波频宽(0.01ms)" />
  <Message ID="MMI::DriverParameter::SYNTEC_M3::Pn330" Content="速度控制模式" />
  <Message ID="MMI::DriverParameter::SYNTEC_M3::Pn331" Content="速度估测器(0:闭;1:开)" />
  <Message ID="MMI::DriverParameter::SYNTEC_M3::Pn332" Content="启动ABZ编码器时间解码功能" />
  <Message ID="MMI::DriverParameter::SYNTEC_M3::Pn333" Content="启动第二ABZ编码器时间解码功能" />
  <Message ID="MMI::DriverParameter::SYNTEC_M3::Pn335" Content="机构耦合型态" />
  <Message ID="MMI::DriverParameter::SYNTEC_M3::Pn401" Content="扭力命令滤波时间常数(0.01ms)" />
  <Message ID="MMI::DriverParameter::SYNTEC_M3::Pn409" Content="第一段Notch Filter频率(Hz)" />
  <Message ID="MMI::DriverParameter::SYNTEC_M3::Pn40A" Content="第一段Notch Filter Q值(0.01)" />
  <Message ID="MMI::DriverParameter::SYNTEC_M3::Pn40B" Content="第一段Notch Filter深度(0.001)" />
  <Message ID="MMI::DriverParameter::SYNTEC_M3::Pn40C" Content="第二段Notch Filter频率(Hz)" />
  <Message ID="MMI::DriverParameter::SYNTEC_M3::Pn40D" Content="第二段Notch Filter Q值(0.01)" />
  <Message ID="MMI::DriverParameter::SYNTEC_M3::Pn40E" Content="第二段Notch Filter深度(0.001)" />
  <Message ID="MMI::DriverParameter::SYNTEC_M3::Pn417" Content="第三段Notch Filter频率(Hz)" />
  <Message ID="MMI::DriverParameter::SYNTEC_M3::Pn418" Content="第三段Notch Filter Q值(0.01)" />
  <Message ID="MMI::DriverParameter::SYNTEC_M3::Pn419" Content="第三段Notch Filter深度(0.001)" />
  <Message ID="MMI::DriverParameter::SYNTEC_M3::Pn423" Content="顿转(cogging)扭矩补" />
  <Message ID="MMI::DriverParameter::SYNTEC_M3::Pn430" Content="扰动补偿功能" />
  <Message ID="MMI::DriverParameter::SYNTEC_M3::Pn440" Content="过转矩1功能" />
  <Message ID="MMI::DriverParameter::SYNTEC_M3::Pn441" Content="过转矩1准位(%)" />
  <Message ID="MMI::DriverParameter::SYNTEC_M3::Pn442" Content="过转矩1检出时间(0.1s)" />
  <Message ID="MMI::DriverParameter::SYNTEC_M3::Pn443" Content="过转矩2功能" />
  <Message ID="MMI::DriverParameter::SYNTEC_M3::Pn444" Content="过转矩2准位(%)" />
  <Message ID="MMI::DriverParameter::SYNTEC_M3::Pn445" Content="过转矩2检出时间(0.1s)" />
  <Message ID="MMI::DriverParameter::SYNTEC_M3::Pn461" Content="第一段Notch Filter开关" />
  <Message ID="MMI::DriverParameter::SYNTEC_M3::Pn462" Content="第二段Notch Filter开关" />
  <Message ID="MMI::DriverParameter::SYNTEC_M3::Pn463" Content="第三段Notch Filter开关" />
  <Message ID="MMI::DriverParameter::SYNTEC_M3::Pn502" Content="零速到达检查视窗范围(0.1rpm)" />
  <Message ID="MMI::DriverParameter::SYNTEC_M3::Pn503" Content="速度到达检查视窗范围(%)" />
  <Message ID="MMI::DriverParameter::SYNTEC_M3::Pn506" Content="伺服关闭延迟时间(10ms)" />
  <Message ID="MMI::DriverParameter::SYNTEC_M3::Pn507" Content="煞车速度准位(rpm)" />
  <Message ID="MMI::DriverParameter::SYNTEC_M3::Pn508" Content="煞车等待时间(10ms)" />
  <Message ID="MMI::DriverParameter::SYNTEC_M3::Pn50A" Content="I0对应功能" />
  <Message ID="MMI::DriverParameter::SYNTEC_M3::Pn50B" Content="I1对应功能" />
  <Message ID="MMI::DriverParameter::SYNTEC_M3::Pn50C" Content="I2对应功能" />
  <Message ID="MMI::DriverParameter::SYNTEC_M3::Pn50D" Content="I3对应功能" />
  <Message ID="MMI::DriverParameter::SYNTEC_M3::Pn50E" Content="O0对应功能" />
  <Message ID="MMI::DriverParameter::SYNTEC_M3::Pn50F" Content="O1对应功能" />
  <Message ID="MMI::DriverParameter::SYNTEC_M3::Pn51A" Content="内外回授位置误差过大检查值(pulse)" />
  <Message ID="MMI::DriverParameter::SYNTEC_M3::Pn51F" Content="关闭Z相警报检查" />
  <Message ID="MMI::DriverParameter::SYNTEC_M3::Pn522" Content="位置检查视窗范围(0.001deg)" />
  <Message ID="MMI::DriverParameter::SYNTEC_M3::Pn640" Content="*电源电压(0.1V)" />
  <Message ID="MMI::DriverParameter::SYNTEC_M3::Pn641" Content="*最大电压(0.1V)" />
  <Message ID="MMI::DriverParameter::SYNTEC_M3::Pn642" Content="*PWM频率(Hz)" />
  <Message ID="MMI::DriverParameter::SYNTEC_M3::Pn644" Content="*内部回生电阻欧姆数(Ohm)" />
  <Message ID="MMI::DriverParameter::SYNTEC_M3::Pn645" Content="*内部回生电阻瓦特数(W)" />
  <Message ID="MMI::DriverParameter::SYNTEC_M3::Pn650" Content="*驱动器尖峰电流(0.1A)" />
  <Message ID="MMI::DriverParameter::SYNTEC_M3::Pn651" Content="*驱动器额定电流(0.1A)" />
  <Message ID="MMI::DriverParameter::SYNTEC_M3::Pn652" Content="*驱动器最高电流(0.1%)" />
  <Message ID="MMI::DriverParameter::SYNTEC_M3::Pn653" Content="*死区时间(ns)" />
  <Message ID="MMI::DriverParameter::SYNTEC_M3::Pn654" Content="*PWM输出相序" />
  <Message ID="MMI::DriverParameter::SYNTEC_M3::Pn655" Content="*电流感测器数量" />
  <Message ID="MMI::DriverParameter::SYNTEC_M3::Pn656" Content="*电流感测范围(A)" />
  <Message ID="MMI::DriverParameter::SYNTEC_M3::Pn660" Content="*A相电流Offset(0.01A)" />
  <Message ID="MMI::DriverParameter::SYNTEC_M3::Pn661" Content="*B相电流Offset(0.01A)" />
  <Message ID="MMI::DriverParameter::SYNTEC_M3::Pn662" Content="*C相电流Offset(0.01A)" />
  <Message ID="MMI::DriverParameter::SYNTEC_M3::Pn663" Content="*A相电流Scale(0.001)" />
  <Message ID="MMI::DriverParameter::SYNTEC_M3::Pn664" Content="*B相电流Scale(0.001)" />
  <Message ID="MMI::DriverParameter::SYNTEC_M3::Pn665" Content="*C相电流Scale(0.001)" />
  <Message ID="MMI::DriverParameter::SYNTEC_M3::Pn66E" Content="启动电压补偿功能" />
  <Message ID="MMI::DriverParameter::SYNTEC_M3::Pn66F" Content="*电压补偿等效压降" />
  <Message ID="MMI::DriverParameter::SYNTEC_M3::Pn670" Content="*电压补偿电流命令1" />
  <Message ID="MMI::DriverParameter::SYNTEC_M3::Pn671" Content="*电压补偿电流命令2" />
  <Message ID="MMI::DriverParameter::SYNTEC_M3::Pn672" Content="*电压补偿电流命令3" />
  <Message ID="MMI::DriverParameter::SYNTEC_M3::Pn673" Content="*电压补偿电流命令4" />
  <Message ID="MMI::DriverParameter::SYNTEC_M3::Pn674" Content="*电压补偿电流命令5" />
  <Message ID="MMI::DriverParameter::SYNTEC_M3::Pn675" Content="*电压补偿电流命令6" />
  <Message ID="MMI::DriverParameter::SYNTEC_M3::Pn676" Content="*电压补偿电流命令7" />
  <Message ID="MMI::DriverParameter::SYNTEC_M3::Pn677" Content="*电压补偿电流命令8" />
  <Message ID="MMI::DriverParameter::SYNTEC_M3::Pn678" Content="*电压补偿电流命令9" />
  <Message ID="MMI::DriverParameter::SYNTEC_M3::Pn679" Content="*电压补偿电流命令10" />
  <Message ID="MMI::DriverParameter::SYNTEC_M3::Pn67A" Content="*电压补偿电流命令11" />
  <Message ID="MMI::DriverParameter::SYNTEC_M3::Pn67B" Content="*电压补偿电流命令12" />
  <Message ID="MMI::DriverParameter::SYNTEC_M3::Pn67C" Content="*电压补偿电流命令13" />
  <Message ID="MMI::DriverParameter::SYNTEC_M3::Pn67D" Content="*电压补偿电流命令14" />
  <Message ID="MMI::DriverParameter::SYNTEC_M3::Pn67E" Content="*电压补偿电流命令15" />
  <Message ID="MMI::DriverParameter::SYNTEC_M3::Pn688" Content="*电压补偿时间值1" />
  <Message ID="MMI::DriverParameter::SYNTEC_M3::Pn689" Content="*电压补偿时间值2" />
  <Message ID="MMI::DriverParameter::SYNTEC_M3::Pn68A" Content="*电压补偿时间值3" />
  <Message ID="MMI::DriverParameter::SYNTEC_M3::Pn68B" Content="*电压补偿时间值4" />
  <Message ID="MMI::DriverParameter::SYNTEC_M3::Pn68C" Content="*电压补偿时间值5" />
  <Message ID="MMI::DriverParameter::SYNTEC_M3::Pn68D" Content="*电压补偿时间值6" />
  <Message ID="MMI::DriverParameter::SYNTEC_M3::Pn68E" Content="*电压补偿时间值7" />
  <Message ID="MMI::DriverParameter::SYNTEC_M3::Pn68F" Content="*电压补偿时间值8" />
  <Message ID="MMI::DriverParameter::SYNTEC_M3::Pn690" Content="*电压补偿时间值9" />
  <Message ID="MMI::DriverParameter::SYNTEC_M3::Pn691" Content="*电压补偿时间值10" />
  <Message ID="MMI::DriverParameter::SYNTEC_M3::Pn692" Content="*电压补偿时间值11" />
  <Message ID="MMI::DriverParameter::SYNTEC_M3::Pn693" Content="*电压补偿时间值12" />
  <Message ID="MMI::DriverParameter::SYNTEC_M3::Pn694" Content="*电压补偿时间值13" />
  <Message ID="MMI::DriverParameter::SYNTEC_M3::Pn695" Content="*电压补偿时间值14" />
  <Message ID="MMI::DriverParameter::SYNTEC_M3::Pn696" Content="*电压补偿时间值15" />
  <Message ID="MMI::DriverParameter::SYNTEC_M3::Pn700" Content="*马达型态" />
  <Message ID="MMI::DriverParameter::SYNTEC_M3::Pn701" Content="*马达极数" />
  <Message ID="MMI::DriverParameter::SYNTEC_M3::Pn702" Content="*磁石极对间距(N-N)(0.1mm)" />
  <Message ID="MMI::DriverParameter::SYNTEC_M3::Pn704" Content="电机型号" />
  <Message ID="MMI::DriverParameter::SYNTEC_M3::Pn706" Content="电机序号" />
  <Message ID="MMI::DriverParameter::SYNTEC_M3::Pn708" Content="*马达额定扭矩(0.1N-m)" />
  <Message ID="MMI::DriverParameter::SYNTEC_M3::Pn70A" Content="*马达最大扭矩(0.1%)" />
  <Message ID="MMI::DriverParameter::SYNTEC_M3::Pn70C" Content="*马达额定转速(rpm)" />
  <Message ID="MMI::DriverParameter::SYNTEC_M3::Pn70E" Content="*马达最高转速(rpm)" />
  <Message ID="MMI::DriverParameter::SYNTEC_M3::Pn710" Content="*马达额定电流(0.1A)" />
  <Message ID="MMI::DriverParameter::SYNTEC_M3::Pn712" Content="*感应电机额定电压(0.1V)" />
  <Message ID="MMI::DriverParameter::SYNTEC_M3::Pn714" Content="*电机激磁轴感抗(0.001mH)" />
  <Message ID="MMI::DriverParameter::SYNTEC_M3::Pn716" Content="*电机扭力轴感抗(0.001mH)" />
  <Message ID="MMI::DriverParameter::SYNTEC_M3::Pn718" Content="*电机阻抗(0.001Ohm)" />
  <Message ID="MMI::DriverParameter::SYNTEC_M3::Pn71A" Content="*感应电机漏感比(0.1%)" />
  <Message ID="MMI::DriverParameter::SYNTEC_M3::Pn71C" Content="*感应电机激磁电流(0.1%)" />
  <Message ID="MMI::DriverParameter::SYNTEC_M3::Pn71E" Content="*感应电机转子时间常数(0.1ms)" />
  <Message ID="MMI::DriverParameter::SYNTEC_M3::Pn720" Content="*转子惯量(g-cm2)" />
  <Message ID="MMI::DriverParameter::SYNTEC_M3::Pn722" Content="*机械常数(0.01ms)" />
  <Message ID="MMI::DriverParameter::SYNTEC_M3::Pn724" Content="*编码器转子补正量(0.001deg)" />
  <Message ID="MMI::DriverParameter::SYNTEC_M3::Pn726" Content="*电流回路增益(0.1Hz)" />
  <Message ID="MMI::DriverParameter::SYNTEC_M3::Pn728" Content="*电流回路积分时间常数(0.01ms)" />
  <Message ID="MMI::DriverParameter::SYNTEC_M3::Pn72A" Content="*过负载150%的运转时间(s)" />
  <Message ID="MMI::DriverParameter::SYNTEC_M3::Pn740" Content="*开启驱动器KTY84过温保护功能" />
  <Message ID="MMI::DriverParameter::SYNTEC_M3::Pn741" Content="驱动器KTY84过温度保护准位" />
  <Message ID="MMI::DriverParameter::SYNTEC_M3::Pn742" Content="第一编码器内部KTY84过温保护准位(℃)" />
  <Message ID="MMI::DriverParameter::SYNTEC_M3::Pn743" Content="第一编码器外部一KTY84过温保护准位(℃)" />
  <Message ID="MMI::DriverParameter::SYNTEC_M3::Pn744" Content="第一编码器外部二KTY84过温保护准位(℃)" />
  <Message ID="MMI::DriverParameter::SYNTEC_M3::Pn745" Content="第二编码器内部KTY84过温保护准位(℃)" />
  <Message ID="MMI::DriverParameter::SYNTEC_M3::Pn746" Content="第二编码器外部一KTY84过温保护准位(℃)" />
  <Message ID="MMI::DriverParameter::SYNTEC_M3::Pn747" Content="第二编码器外部二KTY84过温保护准位(℃)" />
  <Message ID="MMI::DriverParameter::SYNTEC_M3::Pn800" Content="关闭Mechatrolink同步警报检查" />
  <Message ID="MMI::DriverParameter::SYNTEC_M3::Pn801" Content="编码器过Index前增益比例" />
  <Message ID="MMI::DriverParameter::SYNTEC_M3::Pn802" Content="*启动PWM输出频率减半功能" />
  <Message ID="MMI::DriverParameter::SYNTEC_M3::Pn900" Content="*编码器通讯介面型态" />
  <Message ID="MMI::DriverParameter::SYNTEC_M3::Pn901" Content="*编码器接口号码" />
  <Message ID="MMI::DriverParameter::SYNTEC_M3::Pn902" Content="*编码器解析度(pulse/rev)" />
  <Message ID="MMI::DriverParameter::SYNTEC_M3::Pn904" Content="*编码器增量/绝对型态" />
  <Message ID="MMI::DriverParameter::SYNTEC_M3::Pn905" Content="编码器SIN准位偏移量" />
  <Message ID="MMI::DriverParameter::SYNTEC_M3::Pn906" Content="编码器COS准位偏移量" />
  <Message ID="MMI::DriverParameter::SYNTEC_M3::Pn907" Content="编码器SIN振幅补正量" />
  <Message ID="MMI::DriverParameter::SYNTEC_M3::Pn908" Content="编码器COS振幅补正量" />
  <Message ID="MMI::DriverParameter::SYNTEC_M3::Pn909" Content="编码器正余弦相位角(0.01deg)" />
  <Message ID="MMI::DriverParameter::SYNTEC_M3::Pn90A" Content="编码器极数" />
  <Message ID="MMI::DriverParameter::SYNTEC_M3::Pn90B" Content="编码器节距补偿点数" />
  <Message ID="MMI::DriverParameter::SYNTEC_M3::Pn90C" Content="编码器参数储存保护" />
  <Message ID="MMI::DriverParameter::SYNTEC_M3::Pn90D" Content="编码器感测版型态" />
  <Message ID="MMI::DriverParameter::SYNTEC_M3::Pn90E" Content="编码器失效次数" />
  <Message ID="MMI::DriverParameter::SYNTEC_M3::Pn90F" Content="*编码器Zindex位置" />
  <Message ID="MMI::DriverParameter::SYNTEC_M3::Pn920" Content="*第二编码器通讯介面型态" />
  <Message ID="MMI::DriverParameter::SYNTEC_M3::Pn921" Content="*第二编码器接口号码" />
  <Message ID="MMI::DriverParameter::SYNTEC_M3::Pn922" Content="*第二编码器解析度(pulse/rev)" />
  <Message ID="MMI::DriverParameter::SYNTEC_M3::Pn924" Content="*第二编码器增量/绝对型态" />
  <Message ID="MMI::DriverParameter::SYNTEC_M3::Pn925" Content="第二编码器SIN准位偏移量" />
  <Message ID="MMI::DriverParameter::SYNTEC_M3::Pn926" Content="第二编码器COS准位偏移量" />
  <Message ID="MMI::DriverParameter::SYNTEC_M3::Pn927" Content="第二编码器SIN振幅补正量" />
  <Message ID="MMI::DriverParameter::SYNTEC_M3::Pn928" Content="第二编码器COS振幅补正量" />
  <Message ID="MMI::DriverParameter::SYNTEC_M3::Pn929" Content="第二编码器正余弦相位角(0.01deg)" />
  <Message ID="MMI::DriverParameter::SYNTEC_M3::Pn92A" Content="*第二编码器极数" />
  <Message ID="MMI::DriverParameter::SYNTEC_M3::Pn92B" Content="第二编码器节距补偿个数" />
  <Message ID="MMI::DriverParameter::SYNTEC_M3::Pn92C" Content="第二编码器参数储存保护" />
  <Message ID="MMI::DriverParameter::SYNTEC_M3::Pn92D" Content="第二编码器感测版型态" />
  <Message ID="MMI::DriverParameter::SYNTEC_M3::Pn92E" Content="第二编码器失效次数" />
  <Message ID="MMI::DriverParameter::SYNTEC_M3::Pn92F" Content="*第二编码器Zindex位置" />
  <Message ID="MMI::DriverParameter::SYNTEC_M3::PnD00" Content="驱动器版本号码" />
  <Message ID="MMI::DriverParameter::SYNTEC_M3::PnD01" Content="驱动器版本日期" />
  <Message ID="MMI::DriverParameter::SYNTEC_M3::PnD02" Content="驱动器版本序号" />
  <Message ID="MMI::DriverParameter::SYNTEC_M3::PnD03" Content="驱动器前级硬体版本" />
  <Message ID="MMI::DriverParameter::SYNTEC_M3::PnD05" Content="编码器版本号码" />
  <Message ID="MMI::DriverParameter::SYNTEC_M3::PnD06" Content="编码器软体种类" />
  <Message ID="MMI::DriverParameter::SYNTEC_M3::PnD07" Content="第二编码器版本号码" />
  <Message ID="MMI::DriverParameter::SYNTEC_M3::PnD08" Content="第二编码器软体种类" />
  <Message ID="MMI::DriverParameter::SYNTEC_M3::PnD09" Content="第一编码器硬体版本" />
  <Message ID="MMI::DriverParameter::SYNTEC_M3::PnD10" Content="第二编码器硬体版本" />
  <Message ID="MMI::DriverParameter::SYNTEC_M3::PnF00" Content="参数存取密码" />
  <Message ID="MMI::DriverParameter::SYNTEC_M3::PnF01" Content="O点软体触发" />
  <Message ID="MMI::DriverParameter::SYNTEC_M3::PnF10" Content="辅助功能启动/停止" />
  <Message ID="MMI::DriverParameter::SYNTEC_M3::PnF11" Content="JOG方向" />
  <Message ID="MMI::DriverParameter::SYNTEC_M3::PnF13" Content="JOG模式" />
  <Message ID="MMI::DriverParameter::SYNTEC_M3::PnF14" Content="行程极限1" />
  <Message ID="MMI::DriverParameter::SYNTEC_M3::PnF16" Content="行程极限2" />
  <Message ID="MMI::DriverParameter::SYNTEC_M3::PnF20" Content="调机类型" />
  <Message ID="MMI::DriverParameter::SYNTEC_M3::PnF21" Content="电机调机类型" />
  <Message ID="MMI::DriverParameter::SYNTEC_M3::PnF22" Content="生产制造调机类型" />
  <Message ID="MMI::DriverParameter::SYNTEC_M3::PnF23" Content="研发专用调机类型" />
  <Message ID="MMI::DriverParameter::SYNTEC_M3::PnF2D" Content="调机内定增益比(%)" />
  <Message ID="MMI::DriverParameter::SYNTEC_M3::PnF30" Content="测试功能类型" />
  <Message ID="MMI::DriverParameter::SYNTEC_M3::PnF32" Content="测试模式扭力命令(%)" />
  <Message ID="MMI::DriverParameter::SYNTEC_M3::PnF33" Content="测试模式电压命令(%)" />
  <Message ID="MMI::DriverParameter::SYNTEC_M3::PnF34" Content="测试模式电流命令(%)" />
  <Message ID="MMI::DriverParameter::SYNTEC_M3::PnF35" Content="测试模式频率(%)" />
  <Message ID="MMI::DriverParameter::SYNTEC_M3::PnF36" Content="测试模式打开SIN/COS讯号" />
  <Message ID="MMI::DriverParameter::SYNTEC_M3::PnF40" Content="参数永久储存" />
  <Message ID="MMI::DriverParameter::SYNTEC_M3::PnF42" Content="警报重置" />
  <Message ID="MMI::DriverParameter::SYNTEC_M3::PnF43" Content="参数回复功能" />
  <Message ID="MMI::DriverParameter::SYNTEC_M3::PnF44" Content="*编码器位置遗失警报重置" />
  <Message ID="MMI::DriverParameter::SYNTEC_M3::PnF70" Content="调频起始频率" />
  <Message ID="MMI::DriverParameter::SYNTEC_M3::PnF71" Content="调频结束频率" />
  <Message ID="MMI::DriverParameter::SYNTEC_M3::PnF72" Content="调频持续时间" />
  <Message ID="MMI::DriverParameter::SYNTEC_M3::PnF73" Content="调频讯号增益" />
  <Message ID="MMI::DriverParameter::SYNTEC_M3::PnF74" Content="调频启动功能" />
</ResMap>