﻿<?xml version="1.0" encoding="UTF-8"?>
<ResMap>
  <Message ID="MMI::DriverParameter::PANASONIC_ECAT_A5B::P001" Content="控制模式设定" />
  <Message ID="MMI::DriverParameter::PANASONIC_ECAT_A5B::P002" Content="即时自动调整设定" />
  <Message ID="MMI::DriverParameter::PANASONIC_ECAT_A5B::P003" Content="即时自动调整-机械刚性设定" />
  <Message ID="MMI::DriverParameter::PANASONIC_ECAT_A5B::P004" Content="惯量比(%)" />
  <Message ID="MMI::DriverParameter::PANASONIC_ECAT_A5B::P013" Content="第1转矩限制(%)" />
  <Message ID="MMI::DriverParameter::PANASONIC_ECAT_A5B::P014" Content="位置偏差过大设定(pulse)" />
  <Message ID="MMI::DriverParameter::PANASONIC_ECAT_A5B::P015" Content="绝对式编码器设定" />
  <Message ID="MMI::DriverParameter::PANASONIC_ECAT_A5B::P016" Content="再生电阻外置设定" />
  <Message ID="MMI::DriverParameter::PANASONIC_ECAT_A5B::P017" Content="外置再生电阻-负载率选择" />
  <Message ID="MMI::DriverParameter::PANASONIC_ECAT_A5B::P100" Content="第1位置环增益(0.1/s)" />
  <Message ID="MMI::DriverParameter::PANASONIC_ECAT_A5B::P101" Content="第1速度环增益(0.1Hz)" />
  <Message ID="MMI::DriverParameter::PANASONIC_ECAT_A5B::P102" Content="第1速度环积分时间常数(0.1ms)" />
  <Message ID="MMI::DriverParameter::PANASONIC_ECAT_A5B::P103" Content="第1速度检出滤波器" />
  <Message ID="MMI::DriverParameter::PANASONIC_ECAT_A5B::P104" Content="第1转矩滤波器时间常数(0.01ms)" />
  <Message ID="MMI::DriverParameter::PANASONIC_ECAT_A5B::P105" Content="第2位置环增益(0.1/s)" />
  <Message ID="MMI::DriverParameter::PANASONIC_ECAT_A5B::P106" Content="第2速度环增益(0.1Hz)" />
  <Message ID="MMI::DriverParameter::PANASONIC_ECAT_A5B::P107" Content="第2速度环积分时间常数(0.1ms)" />
  <Message ID="MMI::DriverParameter::PANASONIC_ECAT_A5B::P108" Content="第2速度检出滤波器" />
  <Message ID="MMI::DriverParameter::PANASONIC_ECAT_A5B::P109" Content="第2转矩滤波器时间常数(0.01ms)" />
  <Message ID="MMI::DriverParameter::PANASONIC_ECAT_A5B::P110" Content="速度前馈增益(0.1%)" />
  <Message ID="MMI::DriverParameter::PANASONIC_ECAT_A5B::P111" Content="速度前馈滤波器(0.01ms)" />
  <Message ID="MMI::DriverParameter::PANASONIC_ECAT_A5B::P112" Content="转矩前馈增益(0.1%)" />
  <Message ID="MMI::DriverParameter::PANASONIC_ECAT_A5B::P113" Content="转矩前馈滤波器(0.01ms)" />
  <Message ID="MMI::DriverParameter::PANASONIC_ECAT_A5B::P114" Content="第2增益设定" />
  <Message ID="MMI::DriverParameter::PANASONIC_ECAT_A5B::P115" Content="位置控制切换模式" />
  <Message ID="MMI::DriverParameter::PANASONIC_ECAT_A5B::P116" Content="位置控制切换延迟时间(0.1ms)" />
  <Message ID="MMI::DriverParameter::PANASONIC_ECAT_A5B::P117" Content="位置控制切换等级" />
  <Message ID="MMI::DriverParameter::PANASONIC_ECAT_A5B::P118" Content="位置控制切换迟滞" />
  <Message ID="MMI::DriverParameter::PANASONIC_ECAT_A5B::P119" Content="位置增益切换时间(0.1ms)" />
  <Message ID="MMI::DriverParameter::PANASONIC_ECAT_A5B::P120" Content="速度控制切换模式" />
  <Message ID="MMI::DriverParameter::PANASONIC_ECAT_A5B::P121" Content="速度控制切换延迟时间(0.1ms)" />
  <Message ID="MMI::DriverParameter::PANASONIC_ECAT_A5B::P122" Content="速度控制切换等级" />
  <Message ID="MMI::DriverParameter::PANASONIC_ECAT_A5B::P123" Content="速度控制切换迟滞" />
  <Message ID="MMI::DriverParameter::PANASONIC_ECAT_A5B::P124" Content="转矩控制切换模式" />
  <Message ID="MMI::DriverParameter::PANASONIC_ECAT_A5B::P125" Content="转矩控制切换延迟时间(0.1ms)" />
  <Message ID="MMI::DriverParameter::PANASONIC_ECAT_A5B::P126" Content="转矩控制切换等级" />
  <Message ID="MMI::DriverParameter::PANASONIC_ECAT_A5B::P127" Content="转矩控制切换迟滞" />
  <Message ID="MMI::DriverParameter::PANASONIC_ECAT_A5B::P200" Content="适应滤波器模式设定" />
  <Message ID="MMI::DriverParameter::PANASONIC_ECAT_A5B::P201" Content="第1陷波频率(Hz)" />
  <Message ID="MMI::DriverParameter::PANASONIC_ECAT_A5B::P202" Content="第1陷波宽度选择" />
  <Message ID="MMI::DriverParameter::PANASONIC_ECAT_A5B::P203" Content="第1陷波深度选择" />
  <Message ID="MMI::DriverParameter::PANASONIC_ECAT_A5B::P204" Content="第2陷波频率(Hz)" />
  <Message ID="MMI::DriverParameter::PANASONIC_ECAT_A5B::P205" Content="第2陷波宽度选择" />
  <Message ID="MMI::DriverParameter::PANASONIC_ECAT_A5B::P206" Content="第2陷波深度选择" />
  <Message ID="MMI::DriverParameter::PANASONIC_ECAT_A5B::P207" Content="第3陷波频率(Hz)" />
  <Message ID="MMI::DriverParameter::PANASONIC_ECAT_A5B::P208" Content="第3陷波宽度选择" />
  <Message ID="MMI::DriverParameter::PANASONIC_ECAT_A5B::P209" Content="第3陷波深度选择" />
  <Message ID="MMI::DriverParameter::PANASONIC_ECAT_A5B::P210" Content="第4陷波频率(Hz)" />
  <Message ID="MMI::DriverParameter::PANASONIC_ECAT_A5B::P211" Content="第4陷波宽度选择" />
  <Message ID="MMI::DriverParameter::PANASONIC_ECAT_A5B::P212" Content="第4陷波深度选择" />
  <Message ID="MMI::DriverParameter::PANASONIC_ECAT_A5B::P213" Content="制振滤波器切换选择" />
  <Message ID="MMI::DriverParameter::PANASONIC_ECAT_A5B::P214" Content="第1制振频率(0.1Hz)" />
  <Message ID="MMI::DriverParameter::PANASONIC_ECAT_A5B::P215" Content="第1制振滤波器设定(0.1Hz)" />
  <Message ID="MMI::DriverParameter::PANASONIC_ECAT_A5B::P216" Content="第2制振频率(0.1Hz)" />
  <Message ID="MMI::DriverParameter::PANASONIC_ECAT_A5B::P217" Content="第2制振滤波器设定(0.1Hz)" />
  <Message ID="MMI::DriverParameter::PANASONIC_ECAT_A5B::P218" Content="第3制振频率(0.1Hz)" />
  <Message ID="MMI::DriverParameter::PANASONIC_ECAT_A5B::P219" Content="第3制振滤波器设定(0.1Hz)" />
  <Message ID="MMI::DriverParameter::PANASONIC_ECAT_A5B::P220" Content="第4制振频率(0.1Hz)" />
  <Message ID="MMI::DriverParameter::PANASONIC_ECAT_A5B::P221" Content="第4制振滤波器设定(0.1Hz)" />
  <Message ID="MMI::DriverParameter::PANASONIC_ECAT_A5B::P222" Content="位置指令平滑滤波器(0.1ms)" />
  <Message ID="MMI::DriverParameter::PANASONIC_ECAT_A5B::P223" Content="位置指令FIR滤波器(0.1ms)" />
  <Message ID="MMI::DriverParameter::PANASONIC_ECAT_A5B::P312" Content="加速时间设定(ms/1000rpm)" />
  <Message ID="MMI::DriverParameter::PANASONIC_ECAT_A5B::P313" Content="减速时间设定(ms/1000rpm)" />
  <Message ID="MMI::DriverParameter::PANASONIC_ECAT_A5B::P314" Content="S字加减速设定(ms)" />
  <Message ID="MMI::DriverParameter::PANASONIC_ECAT_A5B::P317" Content="速度限制选择" />
  <Message ID="MMI::DriverParameter::PANASONIC_ECAT_A5B::P400" Content="SI1输入选择" />
  <Message ID="MMI::DriverParameter::PANASONIC_ECAT_A5B::P401" Content="SI2输入选择" />
  <Message ID="MMI::DriverParameter::PANASONIC_ECAT_A5B::P402" Content="SI3输入选择" />
  <Message ID="MMI::DriverParameter::PANASONIC_ECAT_A5B::P403" Content="SI4输入选择" />
  <Message ID="MMI::DriverParameter::PANASONIC_ECAT_A5B::P404" Content="SI5输入选择" />
  <Message ID="MMI::DriverParameter::PANASONIC_ECAT_A5B::P405" Content="SI6输入选择" />
  <Message ID="MMI::DriverParameter::PANASONIC_ECAT_A5B::P406" Content="SI7输入选择" />
  <Message ID="MMI::DriverParameter::PANASONIC_ECAT_A5B::P407" Content="SI8输入选择" />
  <Message ID="MMI::DriverParameter::PANASONIC_ECAT_A5B::P410" Content="SO1输出选择" />
  <Message ID="MMI::DriverParameter::PANASONIC_ECAT_A5B::P411" Content="SO2输出选择" />
  <Message ID="MMI::DriverParameter::PANASONIC_ECAT_A5B::P412" Content="SO3输出选择" />
  <Message ID="MMI::DriverParameter::PANASONIC_ECAT_A5B::P416" Content="模拟监视器1种类" />
  <Message ID="MMI::DriverParameter::PANASONIC_ECAT_A5B::P417" Content="模拟监视器1输出增益" />
  <Message ID="MMI::DriverParameter::PANASONIC_ECAT_A5B::P418" Content="模拟监视器2种类" />
  <Message ID="MMI::DriverParameter::PANASONIC_ECAT_A5B::P419" Content="模拟监视器2输出增益" />
  <Message ID="MMI::DriverParameter::PANASONIC_ECAT_A5B::P421" Content="模拟监视器输出设定" />
  <Message ID="MMI::DriverParameter::PANASONIC_ECAT_A5B::P431" Content="定位完成范围(pulse)" />
  <Message ID="MMI::DriverParameter::PANASONIC_ECAT_A5B::P432" Content="定位完成输出设定" />
  <Message ID="MMI::DriverParameter::PANASONIC_ECAT_A5B::P433" Content="INP保持时间(ms)" />
  <Message ID="MMI::DriverParameter::PANASONIC_ECAT_A5B::P434" Content="零速(rpm)" />
  <Message ID="MMI::DriverParameter::PANASONIC_ECAT_A5B::P435" Content="速度一致宽度(rpm)" />
  <Message ID="MMI::DriverParameter::PANASONIC_ECAT_A5B::P436" Content="到达速度(rpm)" />
  <Message ID="MMI::DriverParameter::PANASONIC_ECAT_A5B::P437" Content="停止时机械制动器动作设定(ms)" />
  <Message ID="MMI::DriverParameter::PANASONIC_ECAT_A5B::P438" Content="动作时机械制动器动作设定(ms)" />
  <Message ID="MMI::DriverParameter::PANASONIC_ECAT_A5B::P439" Content="制动器解除速度设定(rpm)" />
  <Message ID="MMI::DriverParameter::PANASONIC_ECAT_A5B::P440" Content="警告输出选择1" />
  <Message ID="MMI::DriverParameter::PANASONIC_ECAT_A5B::P441" Content="警告输出选择2" />
  <Message ID="MMI::DriverParameter::PANASONIC_ECAT_A5B::P442" Content="第2定位完成范围(pulse)" />
  <Message ID="MMI::DriverParameter::PANASONIC_ECAT_A5B::P504" Content="驱动禁止输入设定" />
  <Message ID="MMI::DriverParameter::PANASONIC_ECAT_A5B::P505" Content="驱动禁止时时序" />
  <Message ID="MMI::DriverParameter::PANASONIC_ECAT_A5B::P506" Content="伺服使能关闭时时序" />
  <Message ID="MMI::DriverParameter::PANASONIC_ECAT_A5B::P507" Content="主电源Off时时序" />
  <Message ID="MMI::DriverParameter::PANASONIC_ECAT_A5B::P508" Content="主电源Off时LV触发选择" />
  <Message ID="MMI::DriverParameter::PANASONIC_ECAT_A5B::P509" Content="主电源Off检出时间(ms)" />
  <Message ID="MMI::DriverParameter::PANASONIC_ECAT_A5B::P510" Content="报警时时序" />
  <Message ID="MMI::DriverParameter::PANASONIC_ECAT_A5B::P511" Content="立即停止时转矩设定(%)" />
  <Message ID="MMI::DriverParameter::PANASONIC_ECAT_A5B::P512" Content="超载等级设定(%)" />
  <Message ID="MMI::DriverParameter::PANASONIC_ECAT_A5B::P513" Content="过速等级设定(rpm)" />
  <Message ID="MMI::DriverParameter::PANASONIC_ECAT_A5B::P514" Content="电机可动范围设定(0.1rev)" />
  <Message ID="MMI::DriverParameter::PANASONIC_ECAT_A5B::P515" Content="控制输入信号读取设定" />
  <Message ID="MMI::DriverParameter::PANASONIC_ECAT_A5B::P521" Content="转矩限制选择" />
  <Message ID="MMI::DriverParameter::PANASONIC_ECAT_A5B::P522" Content="第2转矩限制(%)" />
  <Message ID="MMI::DriverParameter::PANASONIC_ECAT_A5B::P531" Content="USB 轴地址" />
  <Message ID="MMI::DriverParameter::PANASONIC_ECAT_A5B::P602" Content="速度偏差过大设定(rpm)" />
  <Message ID="MMI::DriverParameter::PANASONIC_ECAT_A5B::P605" Content="位置第3增益有效时间(0.1ms)" />
  <Message ID="MMI::DriverParameter::PANASONIC_ECAT_A5B::P606" Content="位置第3增益倍率(%)" />
  <Message ID="MMI::DriverParameter::PANASONIC_ECAT_A5B::P607" Content="转矩指令加算值(%)" />
  <Message ID="MMI::DriverParameter::PANASONIC_ECAT_A5B::P608" Content="正方向转矩补偿值(%)" />
  <Message ID="MMI::DriverParameter::PANASONIC_ECAT_A5B::P609" Content="负方向转矩补偿值(%)" />
  <Message ID="MMI::DriverParameter::PANASONIC_ECAT_A5B::P610" Content="功能扩展设定" />
  <Message ID="MMI::DriverParameter::PANASONIC_ECAT_A5B::P611" Content="电流回应设定(%)" />
  <Message ID="MMI::DriverParameter::PANASONIC_ECAT_A5B::P614" Content="报警时立即停止时间(ms)" />
  <Message ID="MMI::DriverParameter::PANASONIC_ECAT_A5B::P615" Content="第2过速度等级设定(rpm)" />
  <Message ID="MMI::DriverParameter::PANASONIC_ECAT_A5B::P618" Content="电源接通等待时间(0.1s)" />
  <Message ID="MMI::DriverParameter::PANASONIC_ECAT_A5B::P623" Content="外乱转矩补偿增益(%)" />
  <Message ID="MMI::DriverParameter::PANASONIC_ECAT_A5B::P624" Content="外乱观测滤波器(%)" />
  <Message ID="MMI::DriverParameter::PANASONIC_ECAT_A5B::P631" Content="即时自动调整-推定速度" />
  <Message ID="MMI::DriverParameter::PANASONIC_ECAT_A5B::P632" Content="即时自动调整-用户设定" />
  <Message ID="MMI::DriverParameter::PANASONIC_ECAT_A5B::P637" Content="发振检出等级(0.1%)" />
  <Message ID="MMI::DriverParameter::PANASONIC_ECAT_A5B::P638" Content="警告遮罩设定" />
  <Message ID="MMI::DriverParameter::PANASONIC_ECAT_A5B::P641" Content="第1制振深度" />
  <Message ID="MMI::DriverParameter::PANASONIC_ECAT_A5B::P642" Content="2段转矩滤波器时间常数(0.01ms)" />
  <Message ID="MMI::DriverParameter::PANASONIC_ECAT_A5B::P643" Content="2段转矩滤波器衰减项" />
  <Message ID="MMI::DriverParameter::PANASONIC_ECAT_A5B::P647" Content="功能扩展设定2" />
  <Message ID="MMI::DriverParameter::PANASONIC_ECAT_A5B::P648" Content="调整滤波器(0.1ms)" />
  <Message ID="MMI::DriverParameter::PANASONIC_ECAT_A5B::P649" Content="指令回应滤波器衰减项设定" />
  <Message ID="MMI::DriverParameter::PANASONIC_ECAT_A5B::P650" Content="粘性摩擦补偿增益(0.1%/10000rpm)" />
  <Message ID="MMI::DriverParameter::PANASONIC_ECAT_A5B::P651" Content="立即停止完了等待时间(ms)" />
  <Message ID="MMI::DriverParameter::PANASONIC_ECAT_A5B::P700" Content="LED 表示内容" />
  <Message ID="MMI::DriverParameter::PANASONIC_ECAT_A5B::P701" Content="电源接通时的地址表示时间设定(100ms)" />
  <Message ID="MMI::DriverParameter::PANASONIC_ECAT_A5B::P703" Content="转矩限制中输出设定" />
  <Message ID="MMI::DriverParameter::PANASONIC_ECAT_A5B::P714" Content="主电源关闭警告检出时间(ms)" />
  <Message ID="MMI::DriverParameter::PANASONIC_ECAT_A5B::P716" Content="转矩饱和异常保护次数" />
  <Message ID="MMI::DriverParameter::PANASONIC_ECAT_A5B::P722" Content="通信功能扩展设定1" />
  <Message ID="MMI::DriverParameter::PANASONIC_ECAT_A5B::P723" Content="通信功能扩展设定2" />
  <Message ID="MMI::DriverParameter::PANASONIC_ECAT_A5B::P724" Content="通信功能扩展设定3" />
  <Message ID="MMI::DriverParameter::PANASONIC_ECAT_A5B::P740" Content="Station alias设定" />
  <Message ID="MMI::DriverParameter::PANASONIC_ECAT_A5B::P741" Content="站别名选择" />
  <Message ID="MMI::DriverParameter::PANASONIC_ECAT_A5B::P742" Content="通信异常连续发生次数上限" />
  <Message ID="MMI::DriverParameter::PANASONIC_ECAT_A5B::P743" Content="Lost link检出时间(ms)" />
  <Message ID="MMI::DriverParameter::PANASONIC_ECAT_A5B::P744" Content="软体版本" />
</ResMap>