﻿<?xml version="1.0" encoding="UTF-8"?>
<ResMap>
  <Message ID="MMI::SysInfo::Option4" Content="启用外挂PlugIn功能" />
  <Message ID="MMI::SysInfo::Option11" Content="高精轨迹控制模式" />
  <Message ID="MMI::SysInfo::Option12" Content="刀尖点控制功能(RTCP)" />
  <Message ID="MMI::SysInfo::Option13" Content="特徵座标系功能" />
  <Message ID="MMI::SysInfo::Option15" Content="学习攻牙功能" />
  <Message ID="MMI::SysInfo::Option16" Content="视觉功能单相机" />
  <Message ID="MMI::SysInfo::Option17" Content="视觉功能多相机" />
  <Message ID="MMI::SysInfo::Option18" Content="CAD/CAM功能" />
  <Message ID="MMI::SysInfo::Option19" Content="三维空间圆弧插补功能" />
  <Message ID="MMI::SysInfo::Option20" Content="All in one直角取放" />
  <Message ID="MMI::SysInfo::Option25" Content="高速预解功能" />
  <Message ID="MMI::SysInfo::Option31" Content="高光轨迹控制" />
  <Message ID="MMI::SysInfo::Option32" Content="ROT伺服刀塔" />
</ResMap>