﻿<?xml version="1.0" encoding="utf-8" ?>
<ResMap>
	<Message ID="MMI::NoParamGroup" Content="parameter group doesn't exist!" />
	<Message ID="LaserCtrlParam::1" Content="Laser Max Frequency(KHz)" />
	<Message ID="LaserCtrlParam::5" Content="Synchrous delay(10us)" />
	<Message ID="LaserCtrlParam::6" Content="Galvo XY axis command exchange function (0:OFF;1:ON)" />
	<Message ID="LaserCtrlParam::11" Content="Laser standby pulse signal(0：OFF；1：ON)" />
	<Message ID="LaserCtrlParam::12" Content="Laser duty cycle(0.1%)" />
	<Message ID="LaserCtrlParam::41" Content="Galvo X axis command reverse function (0:OFF;1:ON)" />
	<Message ID="LaserCtrlParam::42" Content="Galvo Y axis command reverse function (0:OFF;1:ON)" />
	<Message ID="LaserCtrlParam::43" Content="Galvo Z axis command reverse function (0:OFF;1:ON)" />
	<Message ID="LaserCtrlParam::61" Content="*Encoder Resolution(pulse/rev)" />
	<Message ID="LaserCtrlParam::121" Content="*gear number at screw side" />
	<Message ID="LaserCtrlParam::122" Content="*gear number at motor side" />
	<Message ID="LaserCtrlParam::161" Content="*Pitch amount(um;mdeg)" />
	<Message ID="LaserCtrlParam::201" Content="Sensor type(0:Enc;1:Not defined;2:No)" />
	<Message ID="LaserCtrlParam::221" Content="Axis Type(0:Linear;1:Rotation)" />
	<Message ID="LaserCtrlParam::2401" Content="axis pos. coordinate of stroke limit(mm)" />
	<Message ID="LaserCtrlParam::2402" Content="axis neg. coordinate of stroke limit(mm)" />
	<Message ID="LaserCtrlParam::4092" Content="System compound feedrate preview time(ms)" />
</ResMap>
