﻿<?xml version="1.0" encoding="utf-8" ?>
<ResMap>
	<Message ID="MMI::NoParamGroup" Content="parameter group doesn't exist!" />
	<Message ID="Param4001::3" Content="设定啄钻型态(0:一般;1:高速;2:沉孔)" />
	<Message ID="Param4001::2" Content="设定啄钻型态(0:一般;1:高速;2:沉孔)" />
	<Message ID="Param4001::1" Content="设定啄钻型态(0:一般;1:高速;2:沉孔)" />
	<Message ID="Param4002::3" Content="设定钻孔循环退刀量(LIU)" />
	<Message ID="Param4002::2" Content="设定钻孔循环退刀量(LIU)" />
	<Message ID="Param4002::1" Content="设定钻孔循环退刀量(LIU)" />
	<Message ID="Param4003::3" Content="设定攻牙R点暂停时间(ms)" />
	<Message ID="Param4003::2" Content="设定攻牙R点暂停时间(ms)" />
	<Message ID="Param4003::1" Content="设定攻牙R点暂停时间(ms)" />
	<Message ID="Param4004::3" Content="设定啄攻型态(0:一般;1:高速)" />
	<Message ID="Param4004::2" Content="设定啄攻型态(0:一般;1:高速)" />
	<Message ID="Param4004::1" Content="设定啄攻型态(0:一般;1:高速)" />
	<Message ID="Param4005::3" Content="设定啄攻退刀量(LIU)" />
	<Message ID="Param4005::2" Content="设定啄攻退刀量(LIU)" />
	<Message ID="Param4005::1" Content="设定啄攻退刀量(LIU)" />
	<Message ID="Param4006::3" Content="设定攻牙循环退刀速度(%)" />
	<Message ID="Param4006::2" Content="设定攻牙循环退刀速度(%)" />
	<Message ID="Param4006::1" Content="设定攻牙循环退刀速度(%)" />
	<Message ID="Param4007::3" Content="串列主轴攻牙前定位功能(0:关闭;1:开启)" />
	<Message ID="Param4007::2" Content="串列主轴攻牙前定位功能(0:关闭;1:开启)" />
	<Message ID="Param4007::1" Content="串列主轴攻牙前定位功能(0:关闭;1:开启)" />
	<Message ID="Param4008::3" Content="高速钻孔/攻牙模式(0:关闭;1:开启)" />
	<Message ID="Param4008::2" Content="高速钻孔/攻牙模式(0:关闭;1:开启)" />
	<Message ID="Param4008::1" Content="高速钻孔/攻牙模式(0:关闭;1:开启)" />
	<Message ID="Param4011::3" Content="设定啄式车削退刀量(LIU)" />
	<Message ID="Param4011::2" Content="设定啄式车削退刀量(LIU)" />
	<Message ID="Param4011::1" Content="设定啄式车削退刀量(LIU)" />
	<Message ID="Param4012::3" Content="设定粗车循环退刀量(LIU)" />
	<Message ID="Param4012::2" Content="设定粗车循环退刀量(LIU)" />
	<Message ID="Param4012::1" Content="设定粗车循环退刀量(LIU)" />
	<Message ID="Param4013::3" Content="设定粗车循环每次进刀量(LIU)" />
	<Message ID="Param4013::2" Content="设定粗车循环每次进刀量(LIU)" />
	<Message ID="Param4013::1" Content="设定粗车循环每次进刀量(LIU)" />
	<Message ID="Param4014::3" Content="设定粗车循环模式" />
	<Message ID="Param4014::2" Content="设定粗车循环模式" />
	<Message ID="Param4014::1" Content="设定粗车循环模式" />
	<Message ID="Param4015::3" Content="设定成型粗车循环X方向进刀量(LIU)" />
	<Message ID="Param4015::2" Content="设定成型粗车循环X方向进刀量(LIU)" />
	<Message ID="Param4015::1" Content="设定成型粗车循环X方向进刀量(LIU)" />
	<Message ID="Param4016::3" Content="设定成型粗车循环Z方向进刀量(LIU)" />
	<Message ID="Param4016::2" Content="设定成型粗车循环Z方向进刀量(LIU)" />
	<Message ID="Param4016::1" Content="设定成型粗车循环Z方向进刀量(LIU)" />
	<Message ID="Param4017::3" Content="设定成型车粗循环重覆次数(次)" />
	<Message ID="Param4017::2" Content="设定成型车粗循环重覆次数(次)" />
	<Message ID="Param4017::1" Content="设定成型车粗循环重覆次数(次)" />
	<Message ID="Param4018::3" Content="设定G21退刀倒角角度(度)" />
	<Message ID="Param4018::2" Content="设定G21退刀倒角角度(度)" />
	<Message ID="Param4018::1" Content="设定G21退刀倒角角度(度)" />
	<Message ID="Param4019::3" Content="钻孔、攻牙、搪孔循环的Y轴是否为定位指令(0:否; 1:是)" />
	<Message ID="Param4019::2" Content="钻孔、攻牙、搪孔循环的Y轴是否为定位指令(0:否; 1:是)" />
	<Message ID="Param4019::1" Content="钻孔、攻牙、搪孔循环的Y轴是否为定位指令(0:否; 1:是)" />
	<Message ID="Param4020::3" Content="G12.1模式下X轴的编程(0:半径轴; 1:直径轴)" />
	<Message ID="Param4020::2" Content="G12.1模式下X轴的编程(0:半径轴; 1:直径轴)" />
	<Message ID="Param4020::1" Content="G12.1模式下X轴的编程(0:半径轴; 1:直径轴)" />
	<Message ID="Param4021::3" Content="*第一组主轴同期功能, 基础主轴号码." />
	<Message ID="Param4021::2" Content="*第一组主轴同期功能, 基础主轴号码." />
	<Message ID="Param4021::1" Content="*第一组主轴同期功能, 基础主轴号码." />
	<Message ID="Param4022::3" Content="*第一组主轴同期功能, 同期主轴号码." />
	<Message ID="Param4022::2" Content="*第一组主轴同期功能, 同期主轴号码." />
	<Message ID="Param4022::1" Content="*第一组主轴同期功能, 同期主轴号码." />
	<Message ID="Param4023::3" Content="*第二组主轴同期功能, 基础主轴号码." />
	<Message ID="Param4023::2" Content="*第二组主轴同期功能, 基础主轴号码." />
	<Message ID="Param4023::1" Content="*第二组主轴同期功能, 基础主轴号码." />
	<Message ID="Param4024::3" Content="*第二组主轴同期功能, 同期主轴号码." />
	<Message ID="Param4024::2" Content="*第二组主轴同期功能, 同期主轴号码." />
	<Message ID="Param4024::1" Content="*第二组主轴同期功能, 同期主轴号码." />
	<Message ID="Param4025::3" Content="*第三组主轴同期功能, 基础主轴号码." />
	<Message ID="Param4025::2" Content="*第三组主轴同期功能, 基础主轴号码." />
	<Message ID="Param4025::1" Content="*第三组主轴同期功能, 基础主轴号码." />
	<Message ID="Param4026::3" Content="*第三组主轴同期功能, 同期主轴号码." />
	<Message ID="Param4026::2" Content="*第三组主轴同期功能, 同期主轴号码." />
	<Message ID="Param4026::1" Content="*第三组主轴同期功能, 同期主轴号码." />
	<Message ID="Param4040::3" Content="设定螺纹车削模式(0:一般; 1:高速; 2:极速)" />
	<Message ID="Param4040::2" Content="设定螺纹车削模式(0:一般; 1:高速; 2:极速)" />
	<Message ID="Param4040::1" Content="设定螺纹车削模式(0:一般; 1:高速; 2:极速)" />
	<Message ID="Param4041::3" Content="设定螺纹车削精修预留量(LIU)" />
	<Message ID="Param4041::2" Content="设定螺纹车削精修预留量(LIU)" />
	<Message ID="Param4041::1" Content="设定螺纹车削精修预留量(LIU)" />
	<Message ID="Param4042::3" Content="设定螺纹车削螺牙角度(0,29,30,55,60,80)" />
	<Message ID="Param4042::2" Content="设定螺纹车削螺牙角度(0,29,30,55,60,80)" />
	<Message ID="Param4042::1" Content="设定螺纹车削螺牙角度(0,29,30,55,60,80)" />
	<Message ID="Param4043::3" Content="设定螺纹车削退刀倒角量(0.1牙距)" />
	<Message ID="Param4043::2" Content="设定螺纹车削退刀倒角量(0.1牙距)" />
	<Message ID="Param4043::1" Content="设定螺纹车削退刀倒角量(0.1牙距)" />
	<Message ID="Param4044::3" Content="设定螺纹车削精修次数(次)" />
	<Message ID="Param4044::2" Content="设定螺纹车削精修次数(次)" />
	<Message ID="Param4044::1" Content="设定螺纹车削精修次数(次)" />
	<Message ID="Param4045::3" Content="设定螺纹车削最小进刀量(LIU)" />
	<Message ID="Param4045::2" Content="设定螺纹车削最小进刀量(LIU)" />
	<Message ID="Param4045::1" Content="设定螺纹车削最小进刀量(LIU)" />
	<Message ID="Param4046::3" Content="设定螺纹车削进刀倒角量(LIU)" />
	<Message ID="Param4046::2" Content="设定螺纹车削进刀倒角量(LIU)" />
	<Message ID="Param4046::1" Content="设定螺纹车削进刀倒角量(LIU)" />
	<Message ID="Param4047::3" Content="设定螺纹车削进刀高度(LIU)" />
	<Message ID="Param4047::2" Content="设定螺纹车削进刀高度(LIU)" />
	<Message ID="Param4047::1" Content="设定螺纹车削进刀高度(LIU)" />
	<Message ID="Param4051::3" Content="复式切削循环,单方向递增(减)误差容许范围(LIU)" />
	<Message ID="Param4051::2" Content="复式切削循环,单方向递增(减)误差容许范围(LIU)" />
	<Message ID="Param4051::1" Content="复式切削循环,单方向递增(减)误差容许范围(LIU)" />
	<Message ID="Param4070::3" Content="预设切削速度(根据公英制为 mm/min 或 inch/min)" />
	<Message ID="Param4070::2" Content="预设切削速度(根据公英制为 mm/min 或 inch/min)" />
	<Message ID="Param4070::1" Content="预设切削速度(根据公英制为 mm/min 或 inch/min)" />
</ResMap>
