﻿<?xml version="1.0" encoding="utf-8" ?>
<ResMap>
	<Message ID="MMI::NoParamGroup" Content="parameter group doesn't exist!" />
	<Message ID="GroupParam::milpm::3201" Content="*Machine Type" />
	<Message ID="GroupParam::ktx71::3201" Content="*Machine Type" />
	<Message ID="GroupParam::ktx51::3201" Content="*Machine Type" />
	<Message ID="GroupParam::milpm::4001" Content="Tapping mode(0:peck tapping,1:high-speed)" />
	<Message ID="GroupParam::milpm::4002" Content="Drilling cycle retrace amount(LIU)" />
	<Message ID="GroupParam::milpm::4004" Content="Tapping cycle retrace amount(LIU)" />
	<Message ID="GroupParam::milpm::4006" Content="Tapping cycle retrace speed(%)" />
	<Message ID="GroupParam::milpm::4007" Content="Spindle oritiention stop before tapping for serial spindle(0:disabled;1:enable)" />
	<Message ID="GroupParam::milpm::4008" Content="Drilling mode for G81(0:general,1:fast-drill)" />
	<Message ID="GroupParam::milpm::4010" Content="Facing cycle X/Y plane milling stepover percent" />
	<Message ID="GroupParam::milpm::4020" Content="OSS direction of boring cyle(0:X+,1:X-,2:Y+,3:Y-,4:Z+,5:Z-)" />
	<Message ID="GroupParam::milpm::4055" Content="G code tool measurement distance R" />
	<Message ID="GroupParam::milpm::4056" Content="G code tool measurement allowed distance D" />
	<Message ID="GroupParam::milpm::4057" Content="G code tool measurement feedrate F" />
	<Message ID="GroupParam::milpm::4058" Content="G code tool measurement reference point P" />
	<Message ID="GroupParam::milpm::4059" Content="G37.1 measuring position in mechanical coordinate Z" />
	<Message ID="GroupParam::milpm::4060" Content="Servo compensation type(0:ZPEC;1:SPA)" />
	<Message ID="GroupParam::milpm::4070" Content="Default cutting feedrate(dependent on metric/imperial system, mm/min or inch/min)" />
	<Message ID="GroupParam::ktx71::4101" Content="*R1: Distance from linear axis to center on the fixed base (um)" />
	<Message ID="GroupParam::ktx51::4101" Content="*First arm length (um)" />
	<Message ID="GroupParam::ktx71::4102" Content="*R2: Distance from spheriacl joint to center on the moving platform (um)" />
	<Message ID="GroupParam::ktx51::4102" Content="*Second arm length (um)" />
	<Message ID="GroupParam::ktx71::4103" Content="*Alpha: Angle between linear axis and horizon (um)" />
	<Message ID="GroupParam::ktx71::4104" Content="*The PRS mechanism configure(0: downward 1: upward)" />
	<Message ID="GroupParam::ktx71::4105" Content="*L: Arm length of the PRS mechanism (um)" />
	<Message ID="GroupParam::ktx71::4106" Content="*h1: X dist. from the moving platform center to spindle axis (um)" />
	<Message ID="GroupParam::ktx71::4107" Content="*h2: Y dist. from the moving platform center to spindle axis (um)" />
	<Message ID="GroupParam::ktx51::4141" Content="Rotation direction of first joint(0:undefined; 1:right-hand rule; 2:left-hand rule)" />
	<Message ID="GroupParam::ktx51::4142" Content="Rotation direction of second joint(0:undefined; 1:right-hand rule; 2:left-hand rule)" />
	<Message ID="GroupParam::ktx51::4143" Content="Rotation direction of third joint(0:undefined; 1:right-hand rule; 2:left-hand rule)" />
	<Message ID="GroupParam::ktx71::4181" Content="*Initial deviation of home position of 1st joint (um)" />
	<Message ID="GroupParam::ktx51::4181" Content="*Initial deviation of home position of 1st joint (0.001deg)" />
	<Message ID="GroupParam::ktx71::4182" Content="*Initial deviation of home position of 2nd joint (um)" />
	<Message ID="GroupParam::ktx51::4182" Content="*Initial deviation of home position of 2nd joint (0.001deg)" />
	<Message ID="GroupParam::ktx71::4183" Content="*Initial deviation of home position of 3rd joint (um)" />
	<Message ID="GroupParam::ktx71::4184" Content="*Initial deviation of home position of 4th joint (um)" />
	<Message ID="GroupParam::ktx71::4185" Content="*Initial deviation of home position of 5th joint (um)" />
	<Message ID="GroupParam::ktx71::4191" Content="*Position of robot origin (in x direction w. r. t. reference zero point)(um)" />
	<Message ID="GroupParam::ktx71::4192" Content="*Position of robot origin (in y direction w. r. t. reference zero point)(um)" />
	<Message ID="GroupParam::ktx71::4193" Content="*Position of robot origin (in z direction w. r. t. reference zero point)(um)" />
	<Message ID="GroupParam::ktx71::4194" Content="*Orientation description of robot base coord. (0: z-axis rotation; 1: Euler angle)" />
	<Message ID="GroupParam::ktx71::4195" Content="*Relative rotation of robot base coord. along z-axis (0.001deg)" />
	<Message ID="GroupParam::ktx71::4196" Content="*Euler angle: alpha of robot base coordinate (0.001deg)" />
	<Message ID="GroupParam::ktx71::4197" Content="*Euler angle: beta of robot base coordinate (0.001deg)" />
	<Message ID="GroupParam::ktx71::4198" Content="*Euler angle: gamma of robot base coordinate (0.001deg)" />
</ResMap>
