﻿<?xml version="1.0" encoding="UTF-8"?>
<ResMap>
  <Message ID="MMI::DriverParameter::PANASONIC_ECAT_A5B::P001" Content="控制模式设定" />
  <Message ID="MMI::DriverParameter::PANASONIC_ECAT_A5B::P002" Content="即时自动调整设定" />
  <Message ID="MMI::DriverParameter::PANASONIC_ECAT_A5B::P003" Content="即时自动调整-机械刚性设定" />
  <Message ID="MMI::DriverParameter::PANASONIC_ECAT_A5B::P004" Content="惯量比(%)" />
  <Message ID="MMI::DriverParameter::PANASONIC_ECAT_A5B::P013" Content="第1转矩限制(%)" />
  <Message ID="MMI::DriverParameter::PANASONIC_ECAT_A5B::P014" Content="位置偏差过大设定(pulse)" />
  <Message ID="MMI::DriverParameter::PANASONIC_ECAT_A5B::P015" Content="绝对式编码器设定" />
  <Message ID="MMI::DriverParameter::PANASONIC_ECAT_A5B::P016" Content="再生电阻外置设定" />
  <Message ID="MMI::DriverParameter::PANASONIC_ECAT_A5B::P017" Content="外置再生电阻-负载率选择" />
  <Message ID="MMI::DriverParameter::PANASONIC_ECAT_A5B::P100" Content="第1位置环增益(0.1/s)" />
  <Message ID="MMI::DriverParameter::PANASONIC_ECAT_A5B::P101" Content="第1速度环增益(0.1Hz)" />
  <Message ID="MMI::DriverParameter::PANASONIC_ECAT_A5B::P102" Content="第1速度环积分时间常数(0.1ms)" />
  <Message ID="MMI::DriverParameter::PANASONIC_ECAT_A5B::P103" Content="第1速度检出滤波器" />
  <Message ID="MMI::DriverParameter::PANASONIC_ECAT_A5B::P104" Content="第1转矩滤波器时间常数(0.01ms)" />
  <Message ID="MMI::DriverParameter::PANASONIC_ECAT_A5B::P105" Content="第2位置环增益(0.1/s)" />
  <Message ID="MMI::DriverParameter::PANASONIC_ECAT_A5B::P106" Content="第2速度环增益(0.1Hz)" />
  <Message ID="MMI::DriverParameter::PANASONIC_ECAT_A5B::P107" Content="第2速度环积分时间常数(0.1ms)" />
  <Message ID="MMI::DriverParameter::PANASONIC_ECAT_A5B::P108" Content="第2速度检出滤波器" />
  <Message ID="MMI::DriverParameter::PANASONIC_ECAT_A5B::P109" Content="第2转矩滤波器时间常数(0.01ms)" />
  <Message ID="MMI::DriverParameter::PANASONIC_ECAT_A5B::P110" Content="速度前馈增益(0.1%)" />
  <Message ID="MMI::DriverParameter::PANASONIC_ECAT_A5B::P111" Content="速度前馈滤波器(0.01ms)" />
  <Message ID="MMI::DriverParameter::PANASONIC_ECAT_A5B::P112" Content="转矩前馈增益(0.1%)" />
  <Message ID="MMI::DriverParameter::PANASONIC_ECAT_A5B::P113" Content="转矩前馈滤波器(0.01ms)" />
  <Message ID="MMI::DriverParameter::PANASONIC_ECAT_A5B::P114" Content="第2增益设定" />
  <Message ID="MMI::DriverParameter::PANASONIC_ECAT_A5B::P115" Content="位置控制切换模式" />
  <Message ID="MMI::DriverParameter::PANASONIC_ECAT_A5B::P116" Content="位置控制切换延迟时间(0.1ms)" />
  <Message ID="MMI::DriverParameter::PANASONIC_ECAT_A5B::P117" Content="位置控制切换等级" />
  <Message ID="MMI::DriverParameter::PANASONIC_ECAT_A5B::P118" Content="位置控制切换迟滞" />
  <Message ID="MMI::DriverParameter::PANASONIC_ECAT_A5B::P119" Content="位置增益切换时间(0.1ms)" />
  <Message ID="MMI::DriverParameter::PANASONIC_ECAT_A5B::P120" Content="速度控制切换模式" />
  <Message ID="MMI::DriverParameter::PANASONIC_ECAT_A5B::P121" Content="速度控制切换延迟时间(0.1ms)" />
  <Message ID="MMI::DriverParameter::PANASONIC_ECAT_A5B::P122" Content="速度控制切换等级" />
  <Message ID="MMI::DriverParameter::PANASONIC_ECAT_A5B::P123" Content="速度控制切换迟滞" />
  <Message ID="MMI::DriverParameter::PANASONIC_ECAT_A5B::P124" Content="转矩控制切换模式" />
  <Message ID="MMI::DriverParameter::PANASONIC_ECAT_A5B::P125" Content="转矩控制切换延迟时间(0.1ms)" />
  <Message ID="MMI::DriverParameter::PANASONIC_ECAT_A5B::P126" Content="转矩控制切换等级" />
  <Message ID="MMI::DriverParameter::PANASONIC_ECAT_A5B::P127" Content="转矩控制切换迟滞" />
  <Message ID="MMI::DriverParameter::PANASONIC_ECAT_A5B::P200" Content="适应滤波器模式设定" />
  <Message ID="MMI::DriverParameter::PANASONIC_ECAT_A5B::P201" Content="第1陷波频率(Hz)" />
  <Message ID="MMI::DriverParameter::PANASONIC_ECAT_A5B::P202" Content="第1陷波宽度选择" />
  <Message ID="MMI::DriverParameter::PANASONIC_ECAT_A5B::P203" Content="第1陷波深度选择" />
  <Message ID="MMI::DriverParameter::PANASONIC_ECAT_A5B::P204" Content="第2陷波频率(Hz)" />
  <Message ID="MMI::DriverParameter::PANASONIC_ECAT_A5B::P205" Content="第2陷波宽度选择" />
  <Message ID="MMI::DriverParameter::PANASONIC_ECAT_A5B::P206" Content="第2陷波深度选择" />
  <Message ID="MMI::DriverParameter::PANASONIC_ECAT_A5B::P207" Content="第3陷波频率(Hz)" />
  <Message ID="MMI::DriverParameter::PANASONIC_ECAT_A5B::P208" Content="第3陷波宽度选择" />
  <Message ID="MMI::DriverParameter::PANASONIC_ECAT_A5B::P209" Content="第3陷波深度选择" />
  <Message ID="MMI::DriverParameter::PANASONIC_ECAT_A5B::P210" Content="第4陷波频率(Hz)" />
  <Message ID="MMI::DriverParameter::PANASONIC_ECAT_A5B::P211" Content="第4陷波宽度选择" />
  <Message ID="MMI::DriverParameter::PANASONIC_ECAT_A5B::P212" Content="第4陷波深度选择" />
  <Message ID="MMI::DriverParameter::PANASONIC_ECAT_A5B::P213" Content="制振滤波器切换选择" />
  <Message ID="MMI::DriverParameter::PANASONIC_ECAT_A5B::P214" Content="第1制振频率(0.1Hz)" />
  <Message ID="MMI::DriverParameter::PANASONIC_ECAT_A5B::P215" Content="第1制振滤波器设定(0.1Hz)" />
  <Message ID="MMI::DriverParameter::PANASONIC_ECAT_A5B::P216" Content="第2制振频率(0.1Hz)" />
  <Message ID="MMI::DriverParameter::PANASONIC_ECAT_A5B::P217" Content="第2制振滤波器设定(0.1Hz)" />
  <Message ID="MMI::DriverParameter::PANASONIC_ECAT_A5B::P218" Content="第3制振频率(0.1Hz)" />
  <Message ID="MMI::DriverParameter::PANASONIC_ECAT_A5B::P219" Content="第3制振滤波器设定(0.1Hz)" />
  <Message ID="MMI::DriverParameter::PANASONIC_ECAT_A5B::P220" Content="第4制振频率(0.1Hz)" />
  <Message ID="MMI::DriverParameter::PANASONIC_ECAT_A5B::P221" Content="第4制振滤波器设定(0.1Hz)" />
  <Message ID="MMI::DriverParameter::PANASONIC_ECAT_A5B::P222" Content="位置指令平滑滤波器(0.1ms)" />
  <Message ID="MMI::DriverParameter::PANASONIC_ECAT_A5B::P223" Content="位置指令FIR滤波器(0.1ms)" />
  <Message ID="MMI::DriverParameter::PANASONIC_ECAT_A5B::P312" Content="加速时间设定(ms/1000rpm)" />
  <Message ID="MMI::DriverParameter::PANASONIC_ECAT_A5B::P313" Content="减速时间设定(ms/1000rpm)" />
  <Message ID="MMI::DriverParameter::PANASONIC_ECAT_A5B::P314" Content="S字加减速设定(ms)" />
  <Message ID="MMI::DriverParameter::PANASONIC_ECAT_A5B::P317" Content="速度限制选择" />
  <Message ID="MMI::DriverParameter::PANASONIC_ECAT_A5B::P400" Content="SI1输入选择" />
  <Message ID="MMI::DriverParameter::PANASONIC_ECAT_A5B::P401" Content="SI2输入选择" />
  <Message ID="MMI::DriverParameter::PANASONIC_ECAT_A5B::P402" Content="SI3输入选择" />
  <Message ID="MMI::DriverParameter::PANASONIC_ECAT_A5B::P403" Content="SI4输入选择" />
  <Message ID="MMI::DriverParameter::PANASONIC_ECAT_A5B::P404" Content="SI5输入选择" />
  <Message ID="MMI::DriverParameter::PANASONIC_ECAT_A5B::P405" Content="SI6输入选择" />
  <Message ID="MMI::DriverParameter::PANASONIC_ECAT_A5B::P406" Content="SI7输入选择" />
  <Message ID="MMI::DriverParameter::PANASONIC_ECAT_A5B::P407" Content="SI8输入选择" />
  <Message ID="MMI::DriverParameter::PANASONIC_ECAT_A5B::P410" Content="SO1输出选择" />
  <Message ID="MMI::DriverParameter::PANASONIC_ECAT_A5B::P411" Content="SO2输出选择" />
  <Message ID="MMI::DriverParameter::PANASONIC_ECAT_A5B::P412" Content="SO3输出选择" />
  <Message ID="MMI::DriverParameter::PANASONIC_ECAT_A5B::P416" Content="模拟监视器1种类" />
  <Message ID="MMI::DriverParameter::PANASONIC_ECAT_A5B::P417" Content="模拟监视器1输出增益" />
  <Message ID="MMI::DriverParameter::PANASONIC_ECAT_A5B::P418" Content="模拟监视器2种类" />
  <Message ID="MMI::DriverParameter::PANASONIC_ECAT_A5B::P419" Content="模拟监视器2输出增益" />
  <Message ID="MMI::DriverParameter::PANASONIC_ECAT_A5B::P421" Content="模拟监视器输出设定" />
  <Message ID="MMI::DriverParameter::PANASONIC_ECAT_A5B::P431" Content="定位完成范围(pulse)" />
  <Message ID="MMI::DriverParameter::PANASONIC_ECAT_A5B::P432" Content="定位完成输出设定" />
  <Message ID="MMI::DriverParameter::PANASONIC_ECAT_A5B::P433" Content="INP保持时间(ms)" />
  <Message ID="MMI::DriverParameter::PANASONIC_ECAT_A5B::P434" Content="零速(rpm)" />
  <Message ID="MMI::DriverParameter::PANASONIC_ECAT_A5B::P435" Content="速度一致宽度(rpm)" />
  <Message ID="MMI::DriverParameter::PANASONIC_ECAT_A5B::P436" Content="到达速度(rpm)" />
  <Message ID="MMI::DriverParameter::PANASONIC_ECAT_A5B::P437" Content="停止时机械制动器动作设定(ms)" />
  <Message ID="MMI::DriverParameter::PANASONIC_ECAT_A5B::P438" Content="动作时机械制动器动作设定(ms)" />
  <Message ID="MMI::DriverParameter::PANASONIC_ECAT_A5B::P439" Content="制动器解除速度设定(rpm)" />
  <Message ID="MMI::DriverParameter::PANASONIC_ECAT_A5B::P440" Content="警告输出选择1" />
  <Message ID="MMI::DriverParameter::PANASONIC_ECAT_A5B::P441" Content="警告输出选择2" />
  <Message ID="MMI::DriverParameter::PANASONIC_ECAT_A5B::P442" Content="第2定位完成范围(pulse)" />
  <Message ID="MMI::DriverParameter::PANASONIC_ECAT_A5B::P504" Content="驱动禁止输入设定" />
  <Message ID="MMI::DriverParameter::PANASONIC_ECAT_A5B::P505" Content="驱动禁止时时序" />
  <Message ID="MMI::DriverParameter::PANASONIC_ECAT_A5B::P506" Content="伺服使能关闭时时序" />
  <Message ID="MMI::DriverParameter::PANASONIC_ECAT_A5B::P507" Content="主电源Off时时序" />
  <Message ID="MMI::DriverParameter::PANASONIC_ECAT_A5B::P508" Content="主电源Off时LV触发选择" />
  <Message ID="MMI::DriverParameter::PANASONIC_ECAT_A5B::P509" Content="主电源Off检出时间(ms)" />
  <Message ID="MMI::DriverParameter::PANASONIC_ECAT_A5B::P510" Content="报警时时序" />
  <Message ID="MMI::DriverParameter::PANASONIC_ECAT_A5B::P511" Content="立即停止时转矩设定(%)" />
  <Message ID="MMI::DriverParameter::PANASONIC_ECAT_A5B::P512" Content="超载等级设定(%)" />
  <Message ID="MMI::DriverParameter::PANASONIC_ECAT_A5B::P513" Content="过速等级设定(rpm)" />
  <Message ID="MMI::DriverParameter::PANASONIC_ECAT_A5B::P514" Content="电机可动范围设定(0.1rev)" />
  <Message ID="MMI::DriverParameter::PANASONIC_ECAT_A5B::P515" Content="控制输入信号读取设定" />
  <Message ID="MMI::DriverParameter::PANASONIC_ECAT_A5B::P521" Content="转矩限制选择" />
  <Message ID="MMI::DriverParameter::PANASONIC_ECAT_A5B::P522" Content="第2转矩限制(%)" />
  <Message ID="MMI::DriverParameter::PANASONIC_ECAT_A5B::P531" Content="USB 轴地址" />
  <Message ID="MMI::DriverParameter::PANASONIC_ECAT_A5B::P602" Content="速度偏差过大设定(rpm)" />
  <Message ID="MMI::DriverParameter::PANASONIC_ECAT_A5B::P605" Content="位置第3增益有效时间(0.1ms)" />
  <Message ID="MMI::DriverParameter::PANASONIC_ECAT_A5B::P606" Content="位置第3增益倍率(%)" />
  <Message ID="MMI::DriverParameter::PANASONIC_ECAT_A5B::P607" Content="转矩指令加算值(%)" />
  <Message ID="MMI::DriverParameter::PANASONIC_ECAT_A5B::P608" Content="正方向转矩补偿值(%)" />
  <Message ID="MMI::DriverParameter::PANASONIC_ECAT_A5B::P609" Content="负方向转矩补偿值(%)" />
  <Message ID="MMI::DriverParameter::PANASONIC_ECAT_A5B::P610" Content="功能扩展设定" />
  <Message ID="MMI::DriverParameter::PANASONIC_ECAT_A5B::P611" Content="电流回应设定(%)" />
  <Message ID="MMI::DriverParameter::PANASONIC_ECAT_A5B::P614" Content="报警时立即停止时间(ms)" />
  <Message ID="MMI::DriverParameter::PANASONIC_ECAT_A5B::P615" Content="第2过速度等级设定(rpm)" />
  <Message ID="MMI::DriverParameter::PANASONIC_ECAT_A5B::P618" Content="电源接通等待时间(0.1s)" />
  <Message ID="MMI::DriverParameter::PANASONIC_ECAT_A5B::P623" Content="外乱转矩补偿增益(%)" />
  <Message ID="MMI::DriverParameter::PANASONIC_ECAT_A5B::P624" Content="外乱观测滤波器(%)" />
  <Message ID="MMI::DriverParameter::PANASONIC_ECAT_A5B::P631" Content="即时自动调整-推定速度" />
  <Message ID="MMI::DriverParameter::PANASONIC_ECAT_A5B::P632" Content="即时自动调整-用户设定" />
  <Message ID="MMI::DriverParameter::PANASONIC_ECAT_A5B::P637" Content="发振检出等级(0.1%)" />
  <Message ID="MMI::DriverParameter::PANASONIC_ECAT_A5B::P638" Content="警告遮罩设定" />
  <Message ID="MMI::DriverParameter::PANASONIC_ECAT_A5B::P641" Content="第1制振深度" />
  <Message ID="MMI::DriverParameter::PANASONIC_ECAT_A5B::P642" Content="2段转矩滤波器时间常数(0.01ms)" />
  <Message ID="MMI::DriverParameter::PANASONIC_ECAT_A5B::P643" Content="2段转矩滤波器衰减项" />
  <Message ID="MMI::DriverParameter::PANASONIC_ECAT_A5B::P647" Content="功能扩展设定2" />
  <Message ID="MMI::DriverParameter::PANASONIC_ECAT_A5B::P648" Content="调整滤波器(0.1ms)" />
  <Message ID="MMI::DriverParameter::PANASONIC_ECAT_A5B::P649" Content="指令回应滤波器衰减项设定" />
  <Message ID="MMI::DriverParameter::PANASONIC_ECAT_A5B::P650" Content="粘性摩擦补偿增益(0.1%/10000rpm)" />
  <Message ID="MMI::DriverParameter::PANASONIC_ECAT_A5B::P651" Content="立即停止完了等待时间(ms)" />
  <Message ID="MMI::DriverParameter::PANASONIC_ECAT_A5B::P700" Content="LED 表示内容" />
  <Message ID="MMI::DriverParameter::PANASONIC_ECAT_A5B::P701" Content="电源接通时的地址表示时间设定(100ms)" />
  <Message ID="MMI::DriverParameter::PANASONIC_ECAT_A5B::P703" Content="转矩限制中输出设定" />
  <Message ID="MMI::DriverParameter::PANASONIC_ECAT_A5B::P714" Content="主电源关闭警告检出时间(ms)" />
  <Message ID="MMI::DriverParameter::PANASONIC_ECAT_A5B::P716" Content="转矩饱和异常保护次数" />
  <Message ID="MMI::DriverParameter::PANASONIC_ECAT_A5B::P722" Content="通信功能扩展设定1" />
  <Message ID="MMI::DriverParameter::PANASONIC_ECAT_A5B::P723" Content="通信功能扩展设定2" />
  <Message ID="MMI::DriverParameter::PANASONIC_ECAT_A5B::P724" Content="通信功能扩展设定3" />
  <Message ID="MMI::DriverParameter::PANASONIC_ECAT_A5B::P740" Content="Station alias设定" />
  <Message ID="MMI::DriverParameter::PANASONIC_ECAT_A5B::P741" Content="站别名选择" />
  <Message ID="MMI::DriverParameter::PANASONIC_ECAT_A5B::P742" Content="通信异常连续发生次数上限" />
  <Message ID="MMI::DriverParameter::PANASONIC_ECAT_A5B::P743" Content="Lost link检出时间(ms)" />
  <Message ID="MMI::DriverParameter::PANASONIC_ECAT_A5B::P744" Content="软体版本" />
  <Message ID="MMI::DriverParameter::PANASONIC_ECAT_A6B::P001" Content="控制模式设定" />
  <Message ID="MMI::DriverParameter::PANASONIC_ECAT_A6B::P002" Content="即时自动调整设定" />
  <Message ID="MMI::DriverParameter::PANASONIC_ECAT_A6B::P003" Content="即时自动调整-机械刚性设定" />
  <Message ID="MMI::DriverParameter::PANASONIC_ECAT_A6B::P004" Content="惯量比(%)" />
  <Message ID="MMI::DriverParameter::PANASONIC_ECAT_A6B::P011" Content="电机每旋转1圈的输出脉冲数" />
  <Message ID="MMI::DriverParameter::PANASONIC_ECAT_A6B::P012" Content="脉冲输出逻辑反转/输出源选择" />
  <Message ID="MMI::DriverParameter::PANASONIC_ECAT_A6B::P013" Content="第1转矩限制(%)" />
  <Message ID="MMI::DriverParameter::PANASONIC_ECAT_A6B::P014" Content="位置偏差过大设定(pulse)" />
  <Message ID="MMI::DriverParameter::PANASONIC_ECAT_A6B::P015" Content="绝对式编码器设定" />
  <Message ID="MMI::DriverParameter::PANASONIC_ECAT_A6B::P016" Content="外置再生电阻设定" />
  <Message ID="MMI::DriverParameter::PANASONIC_ECAT_A6B::P017" Content="外置再生电阻-负载率选择" />
  <Message ID="MMI::DriverParameter::PANASONIC_ECAT_A6B::P100" Content="第1位置环增益(0.1/s)" />
  <Message ID="MMI::DriverParameter::PANASONIC_ECAT_A6B::P101" Content="第1速度环增益(0.1Hz)" />
  <Message ID="MMI::DriverParameter::PANASONIC_ECAT_A6B::P102" Content="第1速度环积分时间常数(0.1ms)" />
  <Message ID="MMI::DriverParameter::PANASONIC_ECAT_A6B::P103" Content="第1速度检出滤波器" />
  <Message ID="MMI::DriverParameter::PANASONIC_ECAT_A6B::P104" Content="第1转矩滤波器时间常数(0.01ms)" />
  <Message ID="MMI::DriverParameter::PANASONIC_ECAT_A6B::P105" Content="第2位置环增益(0.1/s)" />
  <Message ID="MMI::DriverParameter::PANASONIC_ECAT_A6B::P106" Content="第2速度环增益(0.1Hz)" />
  <Message ID="MMI::DriverParameter::PANASONIC_ECAT_A6B::P107" Content="第2速度环积分时间常数(0.1ms)" />
  <Message ID="MMI::DriverParameter::PANASONIC_ECAT_A6B::P108" Content="第2速度检出滤波器" />
  <Message ID="MMI::DriverParameter::PANASONIC_ECAT_A6B::P109" Content="第2转矩滤波器时间常数(0.01ms)" />
  <Message ID="MMI::DriverParameter::PANASONIC_ECAT_A6B::P110" Content="速度前馈增益(0.1%)" />
  <Message ID="MMI::DriverParameter::PANASONIC_ECAT_A6B::P111" Content="速度前馈滤波器(0.01ms)" />
  <Message ID="MMI::DriverParameter::PANASONIC_ECAT_A6B::P112" Content="转矩前馈增益(0.1%)" />
  <Message ID="MMI::DriverParameter::PANASONIC_ECAT_A6B::P113" Content="转矩前馈滤波器(0.01ms)" />
  <Message ID="MMI::DriverParameter::PANASONIC_ECAT_A6B::P114" Content="第2增益设定" />
  <Message ID="MMI::DriverParameter::PANASONIC_ECAT_A6B::P115" Content="位置控制切换模式" />
  <Message ID="MMI::DriverParameter::PANASONIC_ECAT_A6B::P116" Content="位置控制切换时间(0.1ms)" />
  <Message ID="MMI::DriverParameter::PANASONIC_ECAT_A6B::P117" Content="位置控制切换等级" />
  <Message ID="MMI::DriverParameter::PANASONIC_ECAT_A6B::P118" Content="位置控制切换时迟滞" />
  <Message ID="MMI::DriverParameter::PANASONIC_ECAT_A6B::P119" Content="位置增益切换时间(0.1ms)" />
  <Message ID="MMI::DriverParameter::PANASONIC_ECAT_A6B::P120" Content="速度控制切换模式" />
  <Message ID="MMI::DriverParameter::PANASONIC_ECAT_A6B::P121" Content="速度控制切换时间(0.1ms)" />
  <Message ID="MMI::DriverParameter::PANASONIC_ECAT_A6B::P122" Content="速度控制切换等级" />
  <Message ID="MMI::DriverParameter::PANASONIC_ECAT_A6B::P123" Content="速度控制切换时迟滞" />
  <Message ID="MMI::DriverParameter::PANASONIC_ECAT_A6B::P124" Content="转矩控制切换模式" />
  <Message ID="MMI::DriverParameter::PANASONIC_ECAT_A6B::P125" Content="转矩控制切换时间(0.1ms)" />
  <Message ID="MMI::DriverParameter::PANASONIC_ECAT_A6B::P126" Content="转矩控制切换等级" />
  <Message ID="MMI::DriverParameter::PANASONIC_ECAT_A6B::P127" Content="转矩控制切换时迟滞" />
  <Message ID="MMI::DriverParameter::PANASONIC_ECAT_A6B::P200" Content="适应滤波器模式设定" />
  <Message ID="MMI::DriverParameter::PANASONIC_ECAT_A6B::P201" Content="第1陷波频率(Hz)" />
  <Message ID="MMI::DriverParameter::PANASONIC_ECAT_A6B::P202" Content="第1陷波宽度选择" />
  <Message ID="MMI::DriverParameter::PANASONIC_ECAT_A6B::P203" Content="第1陷波深度选择" />
  <Message ID="MMI::DriverParameter::PANASONIC_ECAT_A6B::P204" Content="第2陷波频率(Hz)" />
  <Message ID="MMI::DriverParameter::PANASONIC_ECAT_A6B::P205" Content="第2陷波宽度选择" />
  <Message ID="MMI::DriverParameter::PANASONIC_ECAT_A6B::P206" Content="第2陷波深度选择" />
  <Message ID="MMI::DriverParameter::PANASONIC_ECAT_A6B::P207" Content="第3陷波频率(Hz)" />
  <Message ID="MMI::DriverParameter::PANASONIC_ECAT_A6B::P208" Content="第3陷波宽度选择" />
  <Message ID="MMI::DriverParameter::PANASONIC_ECAT_A6B::P209" Content="第3陷波深度选择" />
  <Message ID="MMI::DriverParameter::PANASONIC_ECAT_A6B::P210" Content="第4陷波频率(Hz)" />
  <Message ID="MMI::DriverParameter::PANASONIC_ECAT_A6B::P211" Content="第4陷波宽度选择" />
  <Message ID="MMI::DriverParameter::PANASONIC_ECAT_A6B::P212" Content="第4陷波深度选择" />
  <Message ID="MMI::DriverParameter::PANASONIC_ECAT_A6B::P213" Content="制振滤波器切换选择" />
  <Message ID="MMI::DriverParameter::PANASONIC_ECAT_A6B::P214" Content="第1制振频率(0.1Hz)" />
  <Message ID="MMI::DriverParameter::PANASONIC_ECAT_A6B::P215" Content="第1制振滤波器设定(0.1Hz)" />
  <Message ID="MMI::DriverParameter::PANASONIC_ECAT_A6B::P216" Content="第2制振频率(0.1Hz)" />
  <Message ID="MMI::DriverParameter::PANASONIC_ECAT_A6B::P217" Content="第2制振滤波器设定(0.1Hz)" />
  <Message ID="MMI::DriverParameter::PANASONIC_ECAT_A6B::P218" Content="第3制振频率(0.1Hz)" />
  <Message ID="MMI::DriverParameter::PANASONIC_ECAT_A6B::P219" Content="第3制振滤波器设定(0.1Hz)" />
  <Message ID="MMI::DriverParameter::PANASONIC_ECAT_A6B::P220" Content="第4制振频率(0.1Hz)" />
  <Message ID="MMI::DriverParameter::PANASONIC_ECAT_A6B::P221" Content="第4制振滤波器设定(0.1Hz)" />
  <Message ID="MMI::DriverParameter::PANASONIC_ECAT_A6B::P222" Content="指令平滑滤波器(0.1ms)" />
  <Message ID="MMI::DriverParameter::PANASONIC_ECAT_A6B::P223" Content="指令FIR滤波器(0.1ms)" />
  <Message ID="MMI::DriverParameter::PANASONIC_ECAT_A6B::P224" Content="第5陷波频率(Hz)" />
  <Message ID="MMI::DriverParameter::PANASONIC_ECAT_A6B::P225" Content="第5陷波宽度选择" />
  <Message ID="MMI::DriverParameter::PANASONIC_ECAT_A6B::P226" Content="第5陷波深度选择" />
  <Message ID="MMI::DriverParameter::PANASONIC_ECAT_A6B::P227" Content="第1制振宽度设定" />
  <Message ID="MMI::DriverParameter::PANASONIC_ECAT_A6B::P228" Content="第2制振宽度设定" />
  <Message ID="MMI::DriverParameter::PANASONIC_ECAT_A6B::P229" Content="第3制振宽度设定" />
  <Message ID="MMI::DriverParameter::PANASONIC_ECAT_A6B::P230" Content="第4制振宽度设定" />
  <Message ID="MMI::DriverParameter::PANASONIC_ECAT_A6B::P312" Content="加速时间设定(ms/1000rpm)" />
  <Message ID="MMI::DriverParameter::PANASONIC_ECAT_A6B::P313" Content="减速时间设定(ms/1000rpm)" />
  <Message ID="MMI::DriverParameter::PANASONIC_ECAT_A6B::P314" Content="S字加减速设定(ms)" />
  <Message ID="MMI::DriverParameter::PANASONIC_ECAT_A6B::P317" Content="速度限制选择" />
  <Message ID="MMI::DriverParameter::PANASONIC_ECAT_A6B::P323" Content="外部位移传感器类型选择" />
  <Message ID="MMI::DriverParameter::PANASONIC_ECAT_A6B::P324" Content="外部位移传感器分频分子" />
  <Message ID="MMI::DriverParameter::PANASONIC_ECAT_A6B::P325" Content="外部位移传感器分频分母" />
  <Message ID="MMI::DriverParameter::PANASONIC_ECAT_A6B::P326" Content="外部位移传感器方向反转" />
  <Message ID="MMI::DriverParameter::PANASONIC_ECAT_A6B::P327" Content="外部位移传感器Z相断线检出无效" />
  <Message ID="MMI::DriverParameter::PANASONIC_ECAT_A6B::P328" Content="混合偏差过大设定" />
  <Message ID="MMI::DriverParameter::PANASONIC_ECAT_A6B::P329" Content="混合偏差清除设定" />
  <Message ID="MMI::DriverParameter::PANASONIC_ECAT_A6B::P400" Content="SI1输入选择" />
  <Message ID="MMI::DriverParameter::PANASONIC_ECAT_A6B::P401" Content="SI2输入选择" />
  <Message ID="MMI::DriverParameter::PANASONIC_ECAT_A6B::P402" Content="SI3输入选择" />
  <Message ID="MMI::DriverParameter::PANASONIC_ECAT_A6B::P403" Content="SI4输入选择" />
  <Message ID="MMI::DriverParameter::PANASONIC_ECAT_A6B::P404" Content="SI5输入选择" />
  <Message ID="MMI::DriverParameter::PANASONIC_ECAT_A6B::P405" Content="SI6输入选择" />
  <Message ID="MMI::DriverParameter::PANASONIC_ECAT_A6B::P406" Content="SI7输入选择" />
  <Message ID="MMI::DriverParameter::PANASONIC_ECAT_A6B::P407" Content="SI8输入选择" />
  <Message ID="MMI::DriverParameter::PANASONIC_ECAT_A6B::P410" Content="SO1输出选择" />
  <Message ID="MMI::DriverParameter::PANASONIC_ECAT_A6B::P411" Content="SO2输出选择" />
  <Message ID="MMI::DriverParameter::PANASONIC_ECAT_A6B::P412" Content="SO3输出选择" />
  <Message ID="MMI::DriverParameter::PANASONIC_ECAT_A6B::P416" Content="模拟监视器1种类" />
  <Message ID="MMI::DriverParameter::PANASONIC_ECAT_A6B::P417" Content="模拟监视器1输出增益" />
  <Message ID="MMI::DriverParameter::PANASONIC_ECAT_A6B::P418" Content="模拟监视器2种类" />
  <Message ID="MMI::DriverParameter::PANASONIC_ECAT_A6B::P419" Content="模拟监视器2输出增益" />
  <Message ID="MMI::DriverParameter::PANASONIC_ECAT_A6B::P421" Content="模拟监视器输出设定" />
  <Message ID="MMI::DriverParameter::PANASONIC_ECAT_A6B::P431" Content="定位完成范围(pulse)" />
  <Message ID="MMI::DriverParameter::PANASONIC_ECAT_A6B::P432" Content="定位完成输出设定" />
  <Message ID="MMI::DriverParameter::PANASONIC_ECAT_A6B::P433" Content="INP保持时间(ms)" />
  <Message ID="MMI::DriverParameter::PANASONIC_ECAT_A6B::P434" Content="零速(rpm)" />
  <Message ID="MMI::DriverParameter::PANASONIC_ECAT_A6B::P435" Content="速度一致宽度(rpm)" />
  <Message ID="MMI::DriverParameter::PANASONIC_ECAT_A6B::P436" Content="到达速度(rpm)" />
  <Message ID="MMI::DriverParameter::PANASONIC_ECAT_A6B::P437" Content="停止时机械制动器动作设定(ms)" />
  <Message ID="MMI::DriverParameter::PANASONIC_ECAT_A6B::P438" Content="动作时机械制动器动作设定(ms)" />
  <Message ID="MMI::DriverParameter::PANASONIC_ECAT_A6B::P439" Content="制动器解除速度设定(rpm)" />
  <Message ID="MMI::DriverParameter::PANASONIC_ECAT_A6B::P440" Content="警告输出选择1" />
  <Message ID="MMI::DriverParameter::PANASONIC_ECAT_A6B::P441" Content="警告输出选择2" />
  <Message ID="MMI::DriverParameter::PANASONIC_ECAT_A6B::P442" Content="第2定位完成范围(pulse)" />
  <Message ID="MMI::DriverParameter::PANASONIC_ECAT_A6B::P444" Content="位置比较输出脉冲宽度设定(0.1ms)" />
  <Message ID="MMI::DriverParameter::PANASONIC_ECAT_A6B::P445" Content="位置比较输出极性选择" />
  <Message ID="MMI::DriverParameter::PANASONIC_ECAT_A6B::P447" Content="脉冲输出选择" />
  <Message ID="MMI::DriverParameter::PANASONIC_ECAT_A6B::P448" Content="位置比较值1" />
  <Message ID="MMI::DriverParameter::PANASONIC_ECAT_A6B::P449" Content="位置比较值2" />
  <Message ID="MMI::DriverParameter::PANASONIC_ECAT_A6B::P450" Content="位置比较值3" />
  <Message ID="MMI::DriverParameter::PANASONIC_ECAT_A6B::P451" Content="位置比较值4" />
  <Message ID="MMI::DriverParameter::PANASONIC_ECAT_A6B::P452" Content="位置比较值5" />
  <Message ID="MMI::DriverParameter::PANASONIC_ECAT_A6B::P453" Content="位置比较值6" />
  <Message ID="MMI::DriverParameter::PANASONIC_ECAT_A6B::P454" Content="位置比较值7" />
  <Message ID="MMI::DriverParameter::PANASONIC_ECAT_A6B::P455" Content="位置比较值8" />
  <Message ID="MMI::DriverParameter::PANASONIC_ECAT_A6B::P456" Content="位置比较输出延迟补偿量" />
  <Message ID="MMI::DriverParameter::PANASONIC_ECAT_A6B::P457" Content="位置比较输出分配设定" />
  <Message ID="MMI::DriverParameter::PANASONIC_ECAT_A6B::P503" Content="脉冲输出分类分母" />
  <Message ID="MMI::DriverParameter::PANASONIC_ECAT_A6B::P504" Content="驱动禁止输入设定" />
  <Message ID="MMI::DriverParameter::PANASONIC_ECAT_A6B::P505" Content="驱动禁止时时序" />
  <Message ID="MMI::DriverParameter::PANASONIC_ECAT_A6B::P506" Content="伺服使能关闭时时序" />
  <Message ID="MMI::DriverParameter::PANASONIC_ECAT_A6B::P507" Content="主电源关闭时时序" />
  <Message ID="MMI::DriverParameter::PANASONIC_ECAT_A6B::P508" Content="主电源Off时LV触发选择" />
  <Message ID="MMI::DriverParameter::PANASONIC_ECAT_A6B::P509" Content="主电源Off检出时间(ms)" />
  <Message ID="MMI::DriverParameter::PANASONIC_ECAT_A6B::P510" Content="报警时时序" />
  <Message ID="MMI::DriverParameter::PANASONIC_ECAT_A6B::P511" Content="立即停止时转矩设定(%)" />
  <Message ID="MMI::DriverParameter::PANASONIC_ECAT_A6B::P512" Content="超载等级设定(%)" />
  <Message ID="MMI::DriverParameter::PANASONIC_ECAT_A6B::P513" Content="过速度等级设定(rpm)" />
  <Message ID="MMI::DriverParameter::PANASONIC_ECAT_A6B::P514" Content="电机可动范围设定(0.1rev)" />
  <Message ID="MMI::DriverParameter::PANASONIC_ECAT_A6B::P515" Content="控制输入信号读入设定" />
  <Message ID="MMI::DriverParameter::PANASONIC_ECAT_A6B::P520" Content="位置设定单位选择" />
  <Message ID="MMI::DriverParameter::PANASONIC_ECAT_A6B::P521" Content="转矩限制选择" />
  <Message ID="MMI::DriverParameter::PANASONIC_ECAT_A6B::P522" Content="第2转矩限制(%)" />
  <Message ID="MMI::DriverParameter::PANASONIC_ECAT_A6B::P531" Content="USB 轴地址" />
  <Message ID="MMI::DriverParameter::PANASONIC_ECAT_A6B::P533" Content="脉冲再生输出界限有效设定" />
  <Message ID="MMI::DriverParameter::PANASONIC_ECAT_A6B::P545" Content="象限突起正方向补正值(0.1%)" />
  <Message ID="MMI::DriverParameter::PANASONIC_ECAT_A6B::P546" Content="象限突起负方向补正值(0.1%)" />
  <Message ID="MMI::DriverParameter::PANASONIC_ECAT_A6B::P547" Content="象限突起补偿延迟时间(ms)" />
  <Message ID="MMI::DriverParameter::PANASONIC_ECAT_A6B::P548" Content="象限突起补偿滤波器设定L(0.01ms)" />
  <Message ID="MMI::DriverParameter::PANASONIC_ECAT_A6B::P549" Content="象限突起补偿滤波器设定H(0.01ms)" />
  <Message ID="MMI::DriverParameter::PANASONIC_ECAT_A6B::P556" Content="Slow Stop时减速时间设定(ms/1000rpm)" />
  <Message ID="MMI::DriverParameter::PANASONIC_ECAT_A6B::P557" Content="Slow Stop时S字加减速设定(ms)" />
  <Message ID="MMI::DriverParameter::PANASONIC_ECAT_A6B::P566" Content="劣化诊断收敛判定时间(0.1s)" />
  <Message ID="MMI::DriverParameter::PANASONIC_ECAT_A6B::P567" Content="劣化诊断惯量比上限值(%)" />
  <Message ID="MMI::DriverParameter::PANASONIC_ECAT_A6B::P568" Content="劣化诊断惯量比下限值(%)" />
  <Message ID="MMI::DriverParameter::PANASONIC_ECAT_A6B::P569" Content="劣化诊断偏载重上限值(0.1%)" />
  <Message ID="MMI::DriverParameter::PANASONIC_ECAT_A6B::P570" Content="劣化诊断偏载重下限值(0.1%)" />
  <Message ID="MMI::DriverParameter::PANASONIC_ECAT_A6B::P571" Content="劣化诊断动摩擦上限值(0.1%)" />
  <Message ID="MMI::DriverParameter::PANASONIC_ECAT_A6B::P572" Content="劣化诊断动摩擦下限值(0.1%)" />
  <Message ID="MMI::DriverParameter::PANASONIC_ECAT_A6B::P573" Content="劣化诊断黏性摩擦上限值(0.1%/10000rpm)" />
  <Message ID="MMI::DriverParameter::PANASONIC_ECAT_A6B::P574" Content="劣化诊断黏性摩擦下限值(0.1%/10000rpm)" />
  <Message ID="MMI::DriverParameter::PANASONIC_ECAT_A6B::P575" Content="劣化诊断速度设定(rpm)" />
  <Message ID="MMI::DriverParameter::PANASONIC_ECAT_A6B::P576" Content="劣化诊断转矩平均时间(ms)" />
  <Message ID="MMI::DriverParameter::PANASONIC_ECAT_A6B::P577" Content="劣化诊断转矩上限值(0.1%)" />
  <Message ID="MMI::DriverParameter::PANASONIC_ECAT_A6B::P578" Content="劣化诊断转矩下限值(0.1%)" />
  <Message ID="MMI::DriverParameter::PANASONIC_ECAT_A6B::P602" Content="速度偏差过大设定(rpm)" />
  <Message ID="MMI::DriverParameter::PANASONIC_ECAT_A6B::P605" Content="位置第3增益有效时间(0.1ms)" />
  <Message ID="MMI::DriverParameter::PANASONIC_ECAT_A6B::P606" Content="位置第3增益倍率(%)" />
  <Message ID="MMI::DriverParameter::PANASONIC_ECAT_A6B::P607" Content="转矩指令加算值(%)" />
  <Message ID="MMI::DriverParameter::PANASONIC_ECAT_A6B::P608" Content="正方向转矩补偿值(%)" />
  <Message ID="MMI::DriverParameter::PANASONIC_ECAT_A6B::P609" Content="负方向转矩补偿值(%)" />
  <Message ID="MMI::DriverParameter::PANASONIC_ECAT_A6B::P610" Content="功能扩展设定" />
  <Message ID="MMI::DriverParameter::PANASONIC_ECAT_A6B::P611" Content="电流回应设定(%)" />
  <Message ID="MMI::DriverParameter::PANASONIC_ECAT_A6B::P614" Content="报警时立即停止时间(ms)" />
  <Message ID="MMI::DriverParameter::PANASONIC_ECAT_A6B::P615" Content="第2过速度等级设定(rpm)" />
  <Message ID="MMI::DriverParameter::PANASONIC_ECAT_A6B::P618" Content="电源投入等待时间(0.1s)" />
  <Message ID="MMI::DriverParameter::PANASONIC_ECAT_A6B::P622" Content="AB相外部位移传感器脉冲输出方法选择" />
  <Message ID="MMI::DriverParameter::PANASONIC_ECAT_A6B::P623" Content="负载变动补偿增益(%)" />
  <Message ID="MMI::DriverParameter::PANASONIC_ECAT_A6B::P624" Content="负载变动补偿滤波器(0.01ms)" />
  <Message ID="MMI::DriverParameter::PANASONIC_ECAT_A6B::P627" Content="警告锁存状态设定" />
  <Message ID="MMI::DriverParameter::PANASONIC_ECAT_A6B::P631" Content="即时自动调整-推定速度" />
  <Message ID="MMI::DriverParameter::PANASONIC_ECAT_A6B::P632" Content="即时自动调整-自定义设定" />
  <Message ID="MMI::DriverParameter::PANASONIC_ECAT_A6B::P634" Content="混合震动抑制增益(0.1/s)" />
  <Message ID="MMI::DriverParameter::PANASONIC_ECAT_A6B::P635" Content="混合震动抑制滤波器(0.01ms)" />
  <Message ID="MMI::DriverParameter::PANASONIC_ECAT_A6B::P636" Content="动态制动器操作输入设定" />
  <Message ID="MMI::DriverParameter::PANASONIC_ECAT_A6B::P637" Content="发振检出等级(0.1%)" />
  <Message ID="MMI::DriverParameter::PANASONIC_ECAT_A6B::P638" Content="警告掩码设定" />
  <Message ID="MMI::DriverParameter::PANASONIC_ECAT_A6B::P639" Content="警告掩码设定2" />
  <Message ID="MMI::DriverParameter::PANASONIC_ECAT_A6B::P641" Content="第1制振深度" />
  <Message ID="MMI::DriverParameter::PANASONIC_ECAT_A6B::P642" Content="2段转矩滤波器时间常数(0.01ms)" />
  <Message ID="MMI::DriverParameter::PANASONIC_ECAT_A6B::P643" Content="2段转矩滤波器衰减项" />
  <Message ID="MMI::DriverParameter::PANASONIC_ECAT_A6B::P647" Content="功能扩展设定2" />
  <Message ID="MMI::DriverParameter::PANASONIC_ECAT_A6B::P648" Content="调整滤波器(0.1ms)" />
  <Message ID="MMI::DriverParameter::PANASONIC_ECAT_A6B::P649" Content="指令回应滤波器/调整滤波器衰减项设定" />
  <Message ID="MMI::DriverParameter::PANASONIC_ECAT_A6B::P650" Content="粘性摩擦补偿增益(0.1%/10000rpm)" />
  <Message ID="MMI::DriverParameter::PANASONIC_ECAT_A6B::P651" Content="立即停止完了等待时间(ms)" />
  <Message ID="MMI::DriverParameter::PANASONIC_ECAT_A6B::P657" Content="转矩饱和异常保护检出时间(ms)" />
  <Message ID="MMI::DriverParameter::PANASONIC_ECAT_A6B::P660" Content="第2制振深度" />
  <Message ID="MMI::DriverParameter::PANASONIC_ECAT_A6B::P661" Content="第1共振频率(0.1Hz)" />
  <Message ID="MMI::DriverParameter::PANASONIC_ECAT_A6B::P662" Content="第1共振衰减比" />
  <Message ID="MMI::DriverParameter::PANASONIC_ECAT_A6B::P663" Content="第1反共振频率(0.1Hz)" />
  <Message ID="MMI::DriverParameter::PANASONIC_ECAT_A6B::P664" Content="第1反共振衰减比" />
  <Message ID="MMI::DriverParameter::PANASONIC_ECAT_A6B::P665" Content="第1响应频率(0.1Hz)" />
  <Message ID="MMI::DriverParameter::PANASONIC_ECAT_A6B::P666" Content="第2共振频率(0.1Hz)" />
  <Message ID="MMI::DriverParameter::PANASONIC_ECAT_A6B::P667" Content="第2共振衰减比" />
  <Message ID="MMI::DriverParameter::PANASONIC_ECAT_A6B::P668" Content="第2反共振频率(0.1Hz)" />
  <Message ID="MMI::DriverParameter::PANASONIC_ECAT_A6B::P669" Content="第2反共振衰减比" />
  <Message ID="MMI::DriverParameter::PANASONIC_ECAT_A6B::P670" Content="第2响应频率(0.1Hz)" />
  <Message ID="MMI::DriverParameter::PANASONIC_ECAT_A6B::P671" Content="第3制振深度" />
  <Message ID="MMI::DriverParameter::PANASONIC_ECAT_A6B::P672" Content="第4制振深度" />
  <Message ID="MMI::DriverParameter::PANASONIC_ECAT_A6B::P673" Content="负载推定滤波器(0.01ms)" />
  <Message ID="MMI::DriverParameter::PANASONIC_ECAT_A6B::P674" Content="转矩补偿频率1(0.1Hz)" />
  <Message ID="MMI::DriverParameter::PANASONIC_ECAT_A6B::P675" Content="转矩补偿频率2(0.1Hz)" />
  <Message ID="MMI::DriverParameter::PANASONIC_ECAT_A6B::P676" Content="负载推定次数" />
  <Message ID="MMI::DriverParameter::PANASONIC_ECAT_A6B::P685" Content="回退动作条件设定" />
  <Message ID="MMI::DriverParameter::PANASONIC_ECAT_A6B::P686" Content="回退动作报警设定" />
  <Message ID="MMI::DriverParameter::PANASONIC_ECAT_A6B::P688" Content="绝对式多圈数据上限值" />
  <Message ID="MMI::DriverParameter::PANASONIC_ECAT_A6B::P695" Content="过负载警告检出等级(%)" />
  <Message ID="MMI::DriverParameter::PANASONIC_ECAT_A6B::P696" Content="过负载警告解除等级(%)" />
  <Message ID="MMI::DriverParameter::PANASONIC_ECAT_A6B::P697" Content="功能扩展设定3" />
  <Message ID="MMI::DriverParameter::PANASONIC_ECAT_A6B::P698" Content="功能扩展设定4" />
  <Message ID="MMI::DriverParameter::PANASONIC_ECAT_A6B::P700" Content="LED 显示内容" />
  <Message ID="MMI::DriverParameter::PANASONIC_ECAT_A6B::P701" Content="电源投入时地址显示时间设定(100ms)" />
  <Message ID="MMI::DriverParameter::PANASONIC_ECAT_A6B::P703" Content="转矩限制中输出设定" />
  <Message ID="MMI::DriverParameter::PANASONIC_ECAT_A6B::P709" Content="锁存延迟量补偿时间1(25ns)" />
  <Message ID="MMI::DriverParameter::PANASONIC_ECAT_A6B::P714" Content="主电源OFF警告检出时间(ms)" />
  <Message ID="MMI::DriverParameter::PANASONIC_ECAT_A6B::P716" Content="转矩饱和异常保护次数" />
  <Message ID="MMI::DriverParameter::PANASONIC_ECAT_A6B::P722" Content="通信功能扩展设定1" />
  <Message ID="MMI::DriverParameter::PANASONIC_ECAT_A6B::P723" Content="通信功能扩展设定2" />
  <Message ID="MMI::DriverParameter::PANASONIC_ECAT_A6B::P724" Content="通信功能扩展设定3" />
  <Message ID="MMI::DriverParameter::PANASONIC_ECAT_A6B::P740" Content="Station alias设定(上位)" />
  <Message ID="MMI::DriverParameter::PANASONIC_ECAT_A6B::P741" Content="Station alias选择" />
  <Message ID="MMI::DriverParameter::PANASONIC_ECAT_A6B::P742" Content="通信异常连续发生次数上限" />
  <Message ID="MMI::DriverParameter::PANASONIC_ECAT_A6B::P743" Content="Lost link检出时间(ms)" />
  <Message ID="MMI::DriverParameter::PANASONIC_ECAT_A6B::P744" Content="软体版本" />
  <Message ID="MMI::DriverParameter::PANASONIC_ECAT_A6B::P787" Content="通信功能扩展设定5" />
  <Message ID="MMI::DriverParameter::PANASONIC_ECAT_A6B::P792" Content="锁存延迟量补偿时间2(25ns)" />
  <Message ID="MMI::DriverParameter::PANASONIC_ECAT_A6B::P793" Content="原点复位返回动作制限速度(rpm)" />
  <Message ID="MMI::DriverParameter::PANASONIC_ECAT_A6B::P799" Content="通信功能扩展设定6" />
  <Message ID="MMI::DriverParameter::PANASONIC_ECAT_A6B::P801" Content="Profile直线加速常数" />
  <Message ID="MMI::DriverParameter::PANASONIC_ECAT_A6B::P804" Content="Profile直线减速常数" />
  <Message ID="MMI::DriverParameter::PANASONIC_ECAT_A6B::P817" Content="回退动作相对移动量(pulse)" />
  <Message ID="MMI::DriverParameter::PANASONIC_ECAT_A6B::P818" Content="回退动作速度(pulse/s)" />
</ResMap>