﻿<?xml version="1.0" encoding="utf-8" ?>
<ResMap>
	<Message ID="AlarmMsg::Drv_M3_SYNTEC::ID=100h" Content="IGBT Overheat."/>
	<Message ID="AlarmMsg::Drv_M3_SYNTEC::ID=101h" Content="Drive Overload."/>
	<Message ID="AlarmMsg::Drv_M3_SYNTEC::ID=110h" Content="DC BUS Over voltage."/>
	<Message ID="AlarmMsg::Drv_M3_SYNTEC::ID=111h" Content="Low voltage."/>
	<Message ID="AlarmMsg::Drv_M3_SYNTEC::ID=112h" Content="Voltage Saturation."/>
	<Message ID="AlarmMsg::Drv_M3_SYNTEC::ID=120h" Content="Over current."/>
	<Message ID="AlarmMsg::Drv_M3_SYNTEC::ID=121h" Content="Power Module Over Current."/>
	<Message ID="AlarmMsg::Drv_M3_SYNTEC::ID=122h" Content="Hall sensor error 1."/>
	<Message ID="AlarmMsg::Drv_M3_SYNTEC::ID=123h" Content="Hall sensor error 2."/>
	<Message ID="AlarmMsg::Drv_M3_SYNTEC::ID=130h" Content="Regenerative resistance error."/>
	<Message ID="AlarmMsg::Drv_M3_SYNTEC::ID=131h" Content="Cooling Fan error."/>
	<Message ID="AlarmMsg::Drv_M3_SYNTEC::ID=132h" Content="Control board error."/>
	<Message ID="AlarmMsg::Drv_M3_SYNTEC::ID=133h" Content="Inverter Type Error."/>
	<Message ID="AlarmMsg::Drv_M3_SYNTEC::ID=134h" Content="FRAM Operating Fail."/>
	<Message ID="AlarmMsg::Drv_M3_SYNTEC::ID=135h" Content="DSP Watchdog Reset."/>
	<Message ID="AlarmMsg::Drv_M3_SYNTEC::ID=136h" Content="FRAM CRC Error."/>
	<Message ID="AlarmMsg::Drv_M3_SYNTEC::ID=200h" Content="Motor Overheat."/>
	<Message ID="AlarmMsg::Drv_M3_SYNTEC::ID=201h" Content="Motor Over Speed."/>
	<Message ID="AlarmMsg::Drv_M3_SYNTEC::ID=202h" Content="Overload."/>
	<Message ID="AlarmMsg::Drv_M3_SYNTEC::ID=203h" Content="Over Torque 1."/>
	<Message ID="AlarmMsg::Drv_M3_SYNTEC::ID=204h" Content="Over Torque 2."/>
	<Message ID="AlarmMsg::Drv_M3_SYNTEC::ID=210h" Content="Motor Pole Number Error."/>
	<Message ID="AlarmMsg::Drv_M3_SYNTEC::ID=230h" Content="Rotor Position Error."/>
	<Message ID="AlarmMsg::Drv_M3_SYNTEC::ID=300h" Content="Encoder Halt Alarm."/>
	<Message ID="AlarmMsg::Drv_M3_SYNTEC::ID=301h" Content="Encoder Index Error."/>
	<Message ID="AlarmMsg::Drv_M3_SYNTEC::ID=302h" Content="Encoder Direction Error."/>
	<Message ID="AlarmMsg::Drv_M3_SYNTEC::ID=303h" Content="Encoder Resolution Error."/>
	<Message ID="AlarmMsg::Drv_M3_SYNTEC::ID=304h" Content="Encoder No Feedback."/>
	<Message ID="AlarmMsg::Drv_M3_SYNTEC::ID=305h" Content="Encoder Pulse Loss."/>
	<Message ID="AlarmMsg::Drv_M3_SYNTEC::ID=306h" Content="Encoder Z Index Shift."/>
	<Message ID="AlarmMsg::Drv_M3_SYNTEC::ID=307h" Content="Encoder Packet Successive Error."/>
	<Message ID="AlarmMsg::Drv_M3_SYNTEC::ID=309h" Content="Serial Encoder Communication Type is Wrong."/>
	<Message ID="AlarmMsg::Drv_M3_SYNTEC::ID=30Ah" Content="Encoder Over Speed."/>
	<Message ID="AlarmMsg::Drv_M3_SYNTEC::ID=310h" Content="2nd Encoder Halt Alarm."/>
	<Message ID="AlarmMsg::Drv_M3_SYNTEC::ID=311h" Content="2nd Encoder Index Error."/>
	<Message ID="AlarmMsg::Drv_M3_SYNTEC::ID=312h" Content="2nd Encoder Direction Error."/>
	<Message ID="AlarmMsg::Drv_M3_SYNTEC::ID=313h" Content="2nd Encoder resolution error."/>
	<Message ID="AlarmMsg::Drv_M3_SYNTEC::ID=314h" Content="2nd Encoder no feedback."/>
	<Message ID="AlarmMsg::Drv_M3_SYNTEC::ID=315h" Content="2nd Encoder Pulse Loss."/>
	<Message ID="AlarmMsg::Drv_M3_SYNTEC::ID=316h" Content="2nd Encoder Z Index Shift."/>
	<Message ID="AlarmMsg::Drv_M3_SYNTEC::ID=317h" Content="2nd Encoder Packet Successive Error."/>
	<Message ID="AlarmMsg::Drv_M3_SYNTEC::ID=319h" Content="2nd Serial Encoder Communication Type is Wrong."/>
	<Message ID="AlarmMsg::Drv_M3_SYNTEC::ID=31Eh" Content="2nd Encoder Battery Low Voltage Position Loss."/>
	<Message ID="AlarmMsg::Drv_M3_SYNTEC::ID=31Fh" Content="Absolute Type 2nd Encoder battery Low Voltage Alarm."/>
	<Message ID="AlarmMsg::Drv_M3_SYNTEC::ID=320h" Content="Encoder Internal Over Temperature."/>
	<Message ID="AlarmMsg::Drv_M3_SYNTEC::ID=321h" Content="Encoder External(1) KTY84 Over Temperature."/>
	<Message ID="AlarmMsg::Drv_M3_SYNTEC::ID=322h" Content="Encoder External(2) KTY84 Over Temperature."/>
	<Message ID="AlarmMsg::Drv_M3_SYNTEC::ID=324h" Content="2nd Encoder Internal Over Temperature."/>
	<Message ID="AlarmMsg::Drv_M3_SYNTEC::ID=325h" Content="2nd Encoder External(1) KTY84 Over Temperature."/>
	<Message ID="AlarmMsg::Drv_M3_SYNTEC::ID=326h" Content="2nd Encoder External(2) KTY84 Over Temperature."/>
	<Message ID="AlarmMsg::Drv_M3_SYNTEC::ID=328h" Content="Encoder Internal KTY84 Error."/>
	<Message ID="AlarmMsg::Drv_M3_SYNTEC::ID=329h" Content="Encoder External(1) KTY84 is Unplugged."/>
	<Message ID="AlarmMsg::Drv_M3_SYNTEC::ID=32Ah" Content="Encoder external(2) KTY84 is unplugged."/>
	<Message ID="AlarmMsg::Drv_M3_SYNTEC::ID=32Ch" Content="2nd Encoder internal KTY84 Error."/>
	<Message ID="AlarmMsg::Drv_M3_SYNTEC::ID=32Dh" Content="2nd Encoder External(1) KTY84 is Unplugged."/>
	<Message ID="AlarmMsg::Drv_M3_SYNTEC::ID=32Eh" Content="2nd Encoder External(2) KTY84 is Unplugged."/>
	<Message ID="AlarmMsg::Drv_M3_SYNTEC::ID=330h" Content="Encoder Port Setting Error."/>
	<Message ID="AlarmMsg::Drv_M3_SYNTEC::ID=331h" Content="2nd Encoder port setting error."/>
	<Message ID="AlarmMsg::Drv_M3_SYNTEC::ID=332h" Content="Encoder not recognized."/>
	<Message ID="AlarmMsg::Drv_M3_SYNTEC::ID=333h" Content="2nd Encoder not recognized."/>
	<Message ID="AlarmMsg::Drv_M3_SYNTEC::ID=334h" Content="Encoder Download Parameters Fail."/>
	<Message ID="AlarmMsg::Drv_M3_SYNTEC::ID=335h" Content="2nd Encoder Download Parameters Fail."/>
	<Message ID="AlarmMsg::Drv_M3_SYNTEC::ID=336h" Content="Syntec Encoder Runs in Bootloader Mode."/>
	<Message ID="AlarmMsg::Drv_M3_SYNTEC::ID=337h" Content="2nd Syntec Encoder Runs in Bootloader Mode."/>
	<Message ID="AlarmMsg::Drv_M3_SYNTEC::ID=338h" Content="Encoder Register Access Error."/>
	<Message ID="AlarmMsg::Drv_M3_SYNTEC::ID=339h" Content="2nd Encoder Register Access Error."/>
	<Message ID="AlarmMsg::Drv_M3_SYNTEC::ID=400h" Content="Identification Error of Induction Motor Parameter 1."/>
	<Message ID="AlarmMsg::Drv_M3_SYNTEC::ID=401h" Content="Identification Error Of Induction Motor Parameter 2."/>
	<Message ID="AlarmMsg::Drv_M3_SYNTEC::ID=402h" Content="Current tuning error."/>
	<Message ID="AlarmMsg::Drv_M3_SYNTEC::ID=410h" Content="Acceleration Limit Too Large."/>
	<Message ID="AlarmMsg::Drv_M3_SYNTEC::ID=411h" Content="Initial Value of Inertia is Set Unsuitable."/>
	<Message ID="AlarmMsg::Drv_M3_SYNTEC::ID=412h" Content="Inertia Tuning Startup Failure."/>
	<Message ID="AlarmMsg::Drv_M3_SYNTEC::ID=413h" Content="Inertia Tuning Loading Too Large."/>
	<Message ID="AlarmMsg::Drv_M3_SYNTEC::ID=414h" Content="Load Inertia Value Error."/>
	<Message ID="AlarmMsg::Drv_M3_SYNTEC::ID=420h" Content="Encoder Offset Searching Failure."/>
	<Message ID="AlarmMsg::Drv_M3_SYNTEC::ID=430h" Content="Encoder Calibration Stall Error."/>
	<Message ID="AlarmMsg::Drv_M3_SYNTEC::ID=431h" Content="Syntec Encoder Pitch Compensation Error."/>
	<Message ID="AlarmMsg::Drv_M3_SYNTEC::ID=440h" Content="Dead time calibration initial failure."/>
	<Message ID="AlarmMsg::Drv_M3_SYNTEC::ID=450h" Content="Linear Motor Sensor Test Fail."/>
	<Message ID="AlarmMsg::Drv_M3_SYNTEC::ID=451h" Content="Linear Motor Magnetic Pitch Setting Error."/>
	<Message ID="AlarmMsg::Drv_M3_SYNTEC::ID=500h" Content="Incorrect setting of operational curve for V/f control."/>
	<Message ID="AlarmMsg::Drv_M3_SYNTEC::ID=501h" Content="V/f Overcurrent."/>
	<Message ID="AlarmMsg::Drv_M3_SYNTEC::ID=510h" Content="Posing Failure."/>
	<Message ID="AlarmMsg::Drv_M3_SYNTEC::ID=511h" Content="Posing Deviate."/>
	<Message ID="AlarmMsg::Drv_M3_SYNTEC::ID=520h" Content="Over position error between 1st and 2nd feedback."/>
	<Message ID="AlarmMsg::Drv_M3_SYNTEC::ID=521h" Content="Excessive Following Error."/>
	<Message ID="AlarmMsg::Drv_M3_SYNTEC::ID=522h" Content="Servo On Command Conflict."/>
	<Message ID="AlarmMsg::Drv_M3_SYNTEC::ID=523h" Content="Parameter Saving Command is Illegal."/>
	<Message ID="AlarmMsg::Drv_M3_SYNTEC::ID=524h" Content="Serious Belt slip."/>
	<Message ID="AlarmMsg::Drv_M3_SYNTEC::ID=52Fh" Content="Servo On Timeout."/>
	<Message ID="AlarmMsg::Drv_M3_SYNTEC::ID=530h" Content="Zero Speed Check Fail."/>
	<Message ID="AlarmMsg::Drv_M3_SYNTEC::ID=810h" Content="Encoder Battery Low Voltage Position Loss."/>
	<Message ID="AlarmMsg::Drv_M3_SYNTEC::ID=830h" Content="ABS Type Encoder Battery Low Voltage Alarm."/>
	<Message ID="AlarmMsg::Drv_M3_SYNTEC::ID=920h" Content="Servo On Command Conflict."/>
	<Message ID="AlarmMsg::Drv_M3_SYNTEC::ID=930h" Content="Abs Type Encoder Battery Low Voltage."/>
	<Message ID="AlarmMsg::Drv_M3_SYNTEC::ID=931h" Content="Encoder Low Voltage."/>
	<Message ID="AlarmMsg::Drv_M3_SYNTEC::ID=932h" Content="Encoder Noise Warning."/>
	<Message ID="AlarmMsg::Drv_M3_SYNTEC::ID=935h" Content="ABS Type 2nd Encoder Battery Low Voltage."/>
	<Message ID="AlarmMsg::Drv_M3_SYNTEC::ID=936h" Content="2nd Encoder Low Voltage."/>
	<Message ID="AlarmMsg::Drv_M3_SYNTEC::ID=937h" Content="2nd Encoder Noise Warning."/>
	<Message ID="AlarmMsg::Drv_M3_SYNTEC::ID=940h" Content="Parameter was modified in servo-on state."/>
	<Message ID="AlarmMsg::Drv_M3_SYNTEC::ID=980h" Content="Speed estimator error."/>
	<Message ID="AlarmMsg::Drv_M3_SYNTEC::ID=981h" Content="Belt slip."/>
	<Message ID="AlarmMsg::Drv_M3_SYNTEC::ID=990h" Content="Initialization fail when tuning."/>
	<Message ID="AlarmMsg::Drv_M3_SYNTEC::ID=E30h" Content="Mechatrolink position command error."/>
	<Message ID="AlarmMsg::Drv_M3_SYNTEC::ID=E50h" Content="Mechatrolink Synchronization Error."/>
	<Message ID="AlarmMsg::Drv_M3_SYNTEC::ID=F10h" Content="Power supply line open phase."/>
</ResMap>
