﻿<?xml version="1.0" encoding="utf-8" ?>
<ResMap>
	<Message ID="MMI::SysInfo::Option4" Content="Enabled PlugIn Function" />
	<Message ID="MMI::SysInfo::Option11" Content="High Precision Contouring Control" />
	<Message ID="MMI::SysInfo::Option12" Content="Rotation Tool Center Point Control (RTCP)" />
	<Message ID="MMI::SysInfo::Option13" Content="Feature Coordinate System" />
	<Message ID="MMI::SysInfo::Option15" Content="Tapping Learning" />
	<Message ID="MMI::SysInfo::Option16" Content="Vision System - 1 CCD" />
	<Message ID="MMI::SysInfo::Option17" Content="Vision System - 4 CCD" />
	<Message ID="MMI::SysInfo::Option18" Content="CAD/CAM" />
	<Message ID="MMI::SysInfo::Option19" Content="3D Arc Interpolation" />
	<Message ID="MMI::SysInfo::Option20" Content="Pick and Place (All in one)" />
	<Message ID="MMI::SysInfo::Option25" Content="Advanced Look-Ahead" />
	<Message ID="MMI::SysInfo::Option31" Content="High Speed Chamfering Contour Control" />
	<Message ID="MMI::SysInfo::Option32" Content="ROT Servo Turret" />
 </ResMap>