﻿<?xml version="1.0" encoding="utf-8" ?>
<ResMap>
	<Message ID="MMI::NoParamGroup" Content="parameter group doesn't exist!" />
	<Message ID="LaserCtrlParam::1" Content="雷射源最大頻率(KHz)" />
	<Message ID="LaserCtrlParam::5" Content="同步延遲時間(10us)" />
	<Message ID="LaserCtrlParam::6" Content="振鏡XY軸向命令互換功能(0：關閉；1：開啟)" />
	<Message ID="LaserCtrlParam::11" Content="雷射等待脈衝訊號(0：關閉；1：開啟)" />
	<Message ID="LaserCtrlParam::12" Content="雷射源工作週期(0.1%)" />
	<Message ID="LaserCtrlParam::41" Content="振鏡X軸向命令反向功能(0：關閉；1：開啟)" />
	<Message ID="LaserCtrlParam::42" Content="振鏡Y軸向命令反向功能(0：關閉；1：開啟)" />
	<Message ID="LaserCtrlParam::43" Content="振鏡Z軸向命令反向功能(0：關閉；1：開啟)" />
	<Message ID="LaserCtrlParam::61" Content="軸向位置感測器解析度(pulse/轉)" />
	<Message ID="LaserCtrlParam::121" Content="軸向螺桿側齒輪齒數" />
	<Message ID="LaserCtrlParam::122" Content="軸向馬達側齒輪齒數" />
	<Message ID="LaserCtrlParam::161" Content="軸向螺桿寬度(Pitch) 單位：um;mdeg" />
	<Message ID="LaserCtrlParam::201" Content="軸向感應器型態(0：編碼器；1：未定義；2：無)" />
	<Message ID="LaserCtrlParam::221" Content="軸向型態(0：線性軸；1：旋轉軸)" />
	<Message ID="LaserCtrlParam::2401" Content="軸向軟體正行程極限(mm)" />
	<Message ID="LaserCtrlParam::2402" Content="軸向軟體負行程極限(mm)" />
</ResMap>
