﻿<?xml version="1.0" encoding="utf-8" ?>
<ResMap>
	<Message ID="MMI::NoParamGroup" Content="parameter group doesn't exist!" />
	<Message ID="LaserCtrlParam::1" Content="Laser Max Frequency(KHz)" />
	<Message ID="LaserCtrlParam::1" Content="Object sensor trigger source type(0:External trigger;1:Virtual trigger)" />
	<Message ID="LaserCtrlParam::2" Content="Unit for object sensor in virtual trigger type(0:Time;1:Distance)" />
	<Message ID="LaserCtrlParam::3" Content="Time interval for object sensor in virtual trigger type(ms)" />
	<Message ID="LaserCtrlParam::4" Content="Distance interval for object sensor in virtual trigger type(um)" />
	<Message ID="LaserCtrlParam::5" Content="Synchrous delay(10us)" />
	<Message ID="LaserCtrlParam::6" Content="Galvo XY axis command exchange function (0:OFF;1:ON)" />
	<Message ID="LaserCtrlParam::11" Content="Laser standby pulse signal(0：OFF；1：ON)" />
	<Message ID="LaserCtrlParam::11" Content="Conveyor belt marking delay distance(um)" />
	<Message ID="LaserCtrlParam::12" Content="Laser duty cycle(0.1%)" />
	<Message ID="LaserCtrlParam::21" Content="Conveyor belt sensor Port ID" />
	<Message ID="LaserCtrlParam::22" Content="Conveyor belt sensor type(0: Encoder;1:Virtual speed)" />
	<Message ID="LaserCtrlParam::23" Content="Conveyor belt direction(0:Forward;1:Backward)" />
	<Message ID="LaserCtrlParam::24" Content="Conveyor belt virtual speed(mm/min)" />
	<Message ID="LaserCtrlParam::25" Content="Conveyor belt sensor distance per pulse(um/pulse)" />
	<Message ID="LaserCtrlParam::26" Content="Conveyor belt sensor filter time constant(us)" />
	<Message ID="LaserCtrlParam::41" Content="Galvo X axis command reverse function (0:OFF;1:ON)" />
	<Message ID="LaserCtrlParam::42" Content="Galvo Y axis command reverse function (0:OFF;1:ON)" />
	<Message ID="LaserCtrlParam::43" Content="Galvo Z axis command reverse function (0:OFF;1:ON)" />
	<Message ID="LaserCtrlParam::61" Content="*Encoder Resolution(pulse/rev)" />
	<Message ID="LaserCtrlParam::121" Content="*gear number at screw side" />
	<Message ID="LaserCtrlParam::122" Content="*gear number at motor side" />
	<Message ID="LaserCtrlParam::161" Content="*Pitch amount(um;mdeg)" />
	<Message ID="LaserCtrlParam::201" Content="Sensor type(0:Enc;1:Not defined;2:No)" />
	<Message ID="LaserCtrlParam::221" Content="Axis Type(0:Linear;1:Rotation)" />
	<Message ID="LaserCtrlParam::2401" Content="axis pos. coordinate of stroke limit(mm)" />
	<Message ID="LaserCtrlParam::2402" Content="axis neg. coordinate of stroke limit(mm)" />
</ResMap>
