﻿<?xml version="1.0" encoding="utf-8" ?>
<ResMap>
	<Message ID="MMI::NoParamGroup" Content="parameter group doesn't exist!" />
	<Message ID="RotParam::rotpos::1" Content="第1刀塔第1把刀正向机构位置(0.001deg)" />
	<Message ID="RotParam::rotpos::2" Content="第1刀塔第2把刀正向机构位置(0.001deg)" />
	<Message ID="RotParam::rotpos::3" Content="第1刀塔第3把刀正向机构位置(0.001deg)" />
	<Message ID="RotParam::rotpos::4" Content="第1刀塔第4把刀正向机构位置(0.001deg)" />
	<Message ID="RotParam::rotpos::5" Content="第1刀塔第5把刀正向机构位置(0.001deg)" />
	<Message ID="RotParam::rotpos::6" Content="第1刀塔第6把刀正向机构位置(0.001deg)" />
	<Message ID="RotParam::rotpos::7" Content="第1刀塔第7把刀正向机构位置(0.001deg)" />
	<Message ID="RotParam::rotpos::8" Content="第1刀塔第8把刀正向机构位置(0.001deg)" />
	<Message ID="RotParam::rotpos::9" Content="第1刀塔第9把刀正向机构位置(0.001deg)" />
	<Message ID="RotParam::rotpos::10" Content="第1刀塔第10把刀正向机构位置(0.001deg)" />
	<Message ID="RotParam::rotpos::11" Content="第1刀塔第12把刀正向机构位置(0.001deg)" />
	<Message ID="RotParam::rotpos::12" Content="第1刀塔第13把刀正向机构位置(0.001deg)" />
	<Message ID="RotParam::rotpos::13" Content="第1刀塔第13把刀正向机构位置(0.001deg)" />
	<Message ID="RotParam::rotpos::14" Content="第1刀塔第14把刀正向机构位置(0.001deg)" />
	<Message ID="RotParam::rotpos::15" Content="第1刀塔第15把刀正向机构位置(0.001deg)" />
	<Message ID="RotParam::rotpos::16" Content="第1刀塔第16把刀正向机构位置(0.001deg)" />
	<Message ID="RotParam::rotpos::17" Content="第1刀塔第17把刀正向机构位置(0.001deg)" />
	<Message ID="RotParam::rotpos::18" Content="第1刀塔第18把刀正向机构位置(0.001deg)" />
	<Message ID="RotParam::rotpos::19" Content="第1刀塔第19把刀正向机构位置(0.001deg)" />
	<Message ID="RotParam::rotpos::20" Content="第1刀塔第20把刀正向机构位置(0.001deg)" />
	<Message ID="RotParam::rotpos::21" Content="第1刀塔第21把刀正向机构位置(0.001deg)" />
	<Message ID="RotParam::rot::21" Content="*第一刀塔对应的驱动器站号" />
	<Message ID="RotParam::rotpos::22" Content="第1刀塔第22把刀正向机构位置(0.001deg)" />
	<Message ID="RotParam::rot::22" Content="*第二刀塔对应的驱动器站号" />
	<Message ID="RotParam::rotpos::23" Content="第1刀塔第23把刀正向机构位置(0.001deg)" />
	<Message ID="RotParam::rot::23" Content="*第三刀塔对应的驱动器站号" />
	<Message ID="RotParam::rotpos::24" Content="第1刀塔第24把刀正向机构位置(0.001deg)" />
	<Message ID="RotParam::rotpos::25" Content="第1刀塔第25把刀正向机构位置(0.001deg)" />
	<Message ID="RotParam::rotpos::26" Content="第1刀塔第26把刀正向机构位置(0.001deg)" />
	<Message ID="RotParam::rotpos::27" Content="第1刀塔第27把刀正向机构位置(0.001deg)" />
	<Message ID="RotParam::rotpos::28" Content="第1刀塔第28把刀正向机构位置(0.001deg)" />
	<Message ID="RotParam::rotpos::29" Content="第1刀塔第29把刀正向机构位置(0.001deg)" />
	<Message ID="RotParam::rotpos::30" Content="第1刀塔第30把刀正向机构位置(0.001deg)" />
	<Message ID="RotParam::rotpos::31" Content="第1刀塔第31把刀正向机构位置(0.001deg)" />
	<Message ID="RotParam::rotpos::32" Content="第1刀塔第32把刀正向机构位置(0.001deg)" />
	<Message ID="RotParam::rot::61" Content="*第一刀塔位置感应器解析度(pulse/转)" />
	<Message ID="RotParam::rot::62" Content="*第二刀塔位置感应器解析度(pulse/转)" />
	<Message ID="RotParam::rot::63" Content="*第三刀塔位置感应器解析度(pulse/转)" />
	<Message ID="RotParam::rotpos::101" Content="第1刀塔第1把刀负向机构位置(0.001deg)" />
	<Message ID="RotParam::rotpos::102" Content="第1刀塔第2把刀负向机构位置(0.001deg)" />
	<Message ID="RotParam::rotpos::103" Content="第1刀塔第3把刀负向机构位置(0.001deg)" />
	<Message ID="RotParam::rotpos::104" Content="第1刀塔第4把刀负向机构位置(0.001deg)" />
	<Message ID="RotParam::rotpos::105" Content="第1刀塔第5把刀负向机构位置(0.001deg)" />
	<Message ID="RotParam::rotpos::106" Content="第1刀塔第6把刀负向机构位置(0.001deg)" />
	<Message ID="RotParam::rotpos::107" Content="第1刀塔第7把刀负向机构位置(0.001deg)" />
	<Message ID="RotParam::rotpos::108" Content="第1刀塔第8把刀负向机构位置(0.001deg)" />
	<Message ID="RotParam::rotpos::109" Content="第1刀塔第9把刀负向机构位置(0.001deg)" />
	<Message ID="RotParam::rotpos::110" Content="第1刀塔第10把刀负向机构位置(0.001deg)" />
	<Message ID="RotParam::rotpos::111" Content="第1刀塔第12把刀负向机构位置(0.001deg)" />
	<Message ID="RotParam::rotpos::112" Content="第1刀塔第13把刀负向机构位置(0.001deg)" />
	<Message ID="RotParam::rotpos::113" Content="第1刀塔第13把刀负向机构位置(0.001deg)" />
	<Message ID="RotParam::rotpos::114" Content="第1刀塔第14把刀负向机构位置(0.001deg)" />
	<Message ID="RotParam::rotpos::115" Content="第1刀塔第15把刀负向机构位置(0.001deg)" />
	<Message ID="RotParam::rotpos::116" Content="第1刀塔第16把刀负向机构位置(0.001deg)" />
	<Message ID="RotParam::rotpos::117" Content="第1刀塔第17把刀负向机构位置(0.001deg)" />
	<Message ID="RotParam::rotpos::118" Content="第1刀塔第18把刀负向机构位置(0.001deg)" />
	<Message ID="RotParam::rotpos::119" Content="第1刀塔第19把刀负向机构位置(0.001deg)" />
	<Message ID="RotParam::rotpos::120" Content="第1刀塔第20把刀负向机构位置(0.001deg)" />
	<Message ID="RotParam::rotpos::121" Content="第1刀塔第21把刀负向机构位置(0.001deg)" />
	<Message ID="RotParam::rot::121" Content="*第一刀塔螺杆侧齿数" />
	<Message ID="RotParam::rotpos::122" Content="第1刀塔第22把刀负向机构位置(0.001deg)" />
	<Message ID="RotParam::rot::122" Content="*第一刀塔马达侧齿数" />
	<Message ID="RotParam::rotpos::123" Content="第1刀塔第23把刀负向机构位置(0.001deg)" />
	<Message ID="RotParam::rot::123" Content="*第二刀塔螺杆侧齿数" />
	<Message ID="RotParam::rotpos::124" Content="第1刀塔第24把刀负向机构位置(0.001deg)" />
	<Message ID="RotParam::rot::124" Content="*第二刀塔马达侧齿数" />
	<Message ID="RotParam::rotpos::125" Content="第1刀塔第25把刀负向机构位置(0.001deg)" />
	<Message ID="RotParam::rot::125" Content="*第三刀塔螺杆侧齿数" />
	<Message ID="RotParam::rotpos::126" Content="第1刀塔第26把刀负向机构位置(0.001deg)" />
	<Message ID="RotParam::rot::126" Content="*第三刀塔马达侧齿数" />
	<Message ID="RotParam::rotpos::127" Content="第1刀塔第27把刀负向机构位置(0.001deg)" />
	<Message ID="RotParam::rotpos::128" Content="第1刀塔第28把刀负向机构位置(0.001deg)" />
	<Message ID="RotParam::rotpos::129" Content="第1刀塔第29把刀负向机构位置(0.001deg)" />
	<Message ID="RotParam::rotpos::130" Content="第1刀塔第30把刀负向机构位置(0.001deg)" />
	<Message ID="RotParam::rotpos::131" Content="第1刀塔第31把刀负向机构位置(0.001deg)" />
	<Message ID="RotParam::rotpos::132" Content="第1刀塔第32把刀负向机构位置(0.001deg)" />
	<Message ID="RotParam::rotpos::201" Content="第2刀塔第1把刀正向机构位置(0.001deg)" />
	<Message ID="RotParam::rotpos::202" Content="第2刀塔第2把刀正向机构位置(0.001deg)" />
	<Message ID="RotParam::rotpos::203" Content="第2刀塔第3把刀正向机构位置(0.001deg)" />
	<Message ID="RotParam::rotpos::204" Content="第2刀塔第4把刀正向机构位置(0.001deg)" />
	<Message ID="RotParam::rotpos::205" Content="第2刀塔第5把刀正向机构位置(0.001deg)" />
	<Message ID="RotParam::rotpos::206" Content="第2刀塔第6把刀正向机构位置(0.001deg)" />
	<Message ID="RotParam::rotpos::207" Content="第2刀塔第7把刀正向机构位置(0.001deg)" />
	<Message ID="RotParam::rotpos::208" Content="第2刀塔第8把刀正向机构位置(0.001deg)" />
	<Message ID="RotParam::rotpos::209" Content="第2刀塔第9把刀正向机构位置(0.001deg)" />
	<Message ID="RotParam::rotpos::210" Content="第2刀塔第10把刀正向机构位置(0.001deg)" />
	<Message ID="RotParam::rotpos::211" Content="第2刀塔第12把刀正向机构位置(0.001deg)" />
	<Message ID="RotParam::rotpos::212" Content="第2刀塔第13把刀正向机构位置(0.001deg)" />
	<Message ID="RotParam::rotpos::213" Content="第2刀塔第13把刀正向机构位置(0.001deg)" />
	<Message ID="RotParam::rotpos::214" Content="第2刀塔第14把刀正向机构位置(0.001deg)" />
	<Message ID="RotParam::rotpos::215" Content="第2刀塔第15把刀正向机构位置(0.001deg)" />
	<Message ID="RotParam::rotpos::216" Content="第2刀塔第16把刀正向机构位置(0.001deg)" />
	<Message ID="RotParam::rotpos::217" Content="第2刀塔第17把刀正向机构位置(0.001deg)" />
	<Message ID="RotParam::rotpos::218" Content="第2刀塔第18把刀正向机构位置(0.001deg)" />
	<Message ID="RotParam::rotpos::219" Content="第2刀塔第19把刀正向机构位置(0.001deg)" />
	<Message ID="RotParam::rotpos::220" Content="第2刀塔第20把刀正向机构位置(0.001deg)" />
	<Message ID="RotParam::rotpos::221" Content="第2刀塔第21把刀正向机构位置(0.001deg)" />
	<Message ID="RotParam::rotpos::222" Content="第2刀塔第22把刀正向机构位置(0.001deg)" />
	<Message ID="RotParam::rotpos::223" Content="第2刀塔第23把刀正向机构位置(0.001deg)" />
	<Message ID="RotParam::rotpos::224" Content="第2刀塔第24把刀正向机构位置(0.001deg)" />
	<Message ID="RotParam::rotpos::225" Content="第2刀塔第25把刀正向机构位置(0.001deg)" />
	<Message ID="RotParam::rotpos::226" Content="第2刀塔第26把刀正向机构位置(0.001deg)" />
	<Message ID="RotParam::rotpos::227" Content="第2刀塔第27把刀正向机构位置(0.001deg)" />
	<Message ID="RotParam::rotpos::228" Content="第2刀塔第28把刀正向机构位置(0.001deg)" />
	<Message ID="RotParam::rotpos::229" Content="第2刀塔第29把刀正向机构位置(0.001deg)" />
	<Message ID="RotParam::rotpos::230" Content="第2刀塔第30把刀正向机构位置(0.001deg)" />
	<Message ID="RotParam::rotpos::231" Content="第2刀塔第31把刀正向机构位置(0.001deg)" />
	<Message ID="RotParam::rotpos::232" Content="第2刀塔第32把刀正向机构位置(0.001deg)" />
	<Message ID="RotParam::rotpos::301" Content="第2刀塔第1把刀负向机构位置(0.001deg)" />
	<Message ID="RotParam::rotpos::302" Content="第2刀塔第2把刀负向机构位置(0.001deg)" />
	<Message ID="RotParam::rotpos::303" Content="第2刀塔第3把刀负向机构位置(0.001deg)" />
	<Message ID="RotParam::rotpos::304" Content="第2刀塔第4把刀负向机构位置(0.001deg)" />
	<Message ID="RotParam::rotpos::305" Content="第2刀塔第5把刀负向机构位置(0.001deg)" />
	<Message ID="RotParam::rotpos::306" Content="第2刀塔第6把刀负向机构位置(0.001deg)" />
	<Message ID="RotParam::rotpos::307" Content="第2刀塔第7把刀负向机构位置(0.001deg)" />
	<Message ID="RotParam::rotpos::308" Content="第2刀塔第8把刀负向机构位置(0.001deg)" />
	<Message ID="RotParam::rotpos::309" Content="第2刀塔第9把刀负向机构位置(0.001deg)" />
	<Message ID="RotParam::rotpos::310" Content="第2刀塔第10把刀负向机构位置(0.001deg)" />
	<Message ID="RotParam::rotpos::311" Content="第2刀塔第12把刀负向机构位置(0.001deg)" />
	<Message ID="RotParam::rotpos::312" Content="第2刀塔第13把刀负向机构位置(0.001deg)" />
	<Message ID="RotParam::rotpos::313" Content="第2刀塔第13把刀负向机构位置(0.001deg)" />
	<Message ID="RotParam::rotpos::314" Content="第2刀塔第14把刀负向机构位置(0.001deg)" />
	<Message ID="RotParam::rotpos::315" Content="第2刀塔第15把刀负向机构位置(0.001deg)" />
	<Message ID="RotParam::rotpos::316" Content="第2刀塔第16把刀负向机构位置(0.001deg)" />
	<Message ID="RotParam::rotpos::317" Content="第2刀塔第17把刀负向机构位置(0.001deg)" />
	<Message ID="RotParam::rotpos::318" Content="第2刀塔第18把刀负向机构位置(0.001deg)" />
	<Message ID="RotParam::rotpos::319" Content="第2刀塔第19把刀负向机构位置(0.001deg)" />
	<Message ID="RotParam::rotpos::320" Content="第2刀塔第20把刀负向机构位置(0.001deg)" />
	<Message ID="RotParam::rotpos::321" Content="第2刀塔第21把刀负向机构位置(0.001deg)" />
	<Message ID="RotParam::rotpos::322" Content="第2刀塔第22把刀负向机构位置(0.001deg)" />
	<Message ID="RotParam::rotpos::323" Content="第2刀塔第23把刀负向机构位置(0.001deg)" />
	<Message ID="RotParam::rotpos::324" Content="第2刀塔第24把刀负向机构位置(0.001deg)" />
	<Message ID="RotParam::rotpos::325" Content="第2刀塔第25把刀负向机构位置(0.001deg)" />
	<Message ID="RotParam::rotpos::326" Content="第2刀塔第26把刀负向机构位置(0.001deg)" />
	<Message ID="RotParam::rotpos::327" Content="第2刀塔第27把刀负向机构位置(0.001deg)" />
	<Message ID="RotParam::rotpos::328" Content="第2刀塔第28把刀负向机构位置(0.001deg)" />
	<Message ID="RotParam::rotpos::329" Content="第2刀塔第29把刀负向机构位置(0.001deg)" />
	<Message ID="RotParam::rotpos::330" Content="第2刀塔第30把刀负向机构位置(0.001deg)" />
	<Message ID="RotParam::rotpos::331" Content="第2刀塔第31把刀负向机构位置(0.001deg)" />
	<Message ID="RotParam::rotpos::332" Content="第2刀塔第32把刀负向机构位置(0.001deg)" />
	<Message ID="RotParam::rotpos::401" Content="第3刀塔第1把刀正向机构位置(0.001deg)" />
	<Message ID="RotParam::rotpos::402" Content="第3刀塔第2把刀正向机构位置(0.001deg)" />
	<Message ID="RotParam::rotpos::403" Content="第3刀塔第3把刀正向机构位置(0.001deg)" />
	<Message ID="RotParam::rotpos::404" Content="第3刀塔第4把刀正向机构位置(0.001deg)" />
	<Message ID="RotParam::rotpos::405" Content="第3刀塔第5把刀正向机构位置(0.001deg)" />
	<Message ID="RotParam::rotpos::406" Content="第3刀塔第6把刀正向机构位置(0.001deg)" />
	<Message ID="RotParam::rotpos::407" Content="第3刀塔第7把刀正向机构位置(0.001deg)" />
	<Message ID="RotParam::rotpos::408" Content="第3刀塔第8把刀正向机构位置(0.001deg)" />
	<Message ID="RotParam::rotpos::409" Content="第3刀塔第9把刀正向机构位置(0.001deg)" />
	<Message ID="RotParam::rotpos::410" Content="第3刀塔第10把刀正向机构位置(0.001deg)" />
	<Message ID="RotParam::rotpos::411" Content="第3刀塔第12把刀正向机构位置(0.001deg)" />
	<Message ID="RotParam::rotpos::412" Content="第3刀塔第13把刀正向机构位置(0.001deg)" />
	<Message ID="RotParam::rotpos::413" Content="第3刀塔第13把刀正向机构位置(0.001deg)" />
	<Message ID="RotParam::rotpos::414" Content="第3刀塔第14把刀正向机构位置(0.001deg)" />
	<Message ID="RotParam::rotpos::415" Content="第3刀塔第15把刀正向机构位置(0.001deg)" />
	<Message ID="RotParam::rotpos::416" Content="第3刀塔第16把刀正向机构位置(0.001deg)" />
	<Message ID="RotParam::rotpos::417" Content="第3刀塔第17把刀正向机构位置(0.001deg)" />
	<Message ID="RotParam::rotpos::418" Content="第3刀塔第18把刀正向机构位置(0.001deg)" />
	<Message ID="RotParam::rotpos::419" Content="第3刀塔第19把刀正向机构位置(0.001deg)" />
	<Message ID="RotParam::rotpos::420" Content="第3刀塔第20把刀正向机构位置(0.001deg)" />
	<Message ID="RotParam::rotpos::421" Content="第3刀塔第21把刀正向机构位置(0.001deg)" />
	<Message ID="RotParam::rotpos::422" Content="第3刀塔第22把刀正向机构位置(0.001deg)" />
	<Message ID="RotParam::rotpos::423" Content="第3刀塔第23把刀正向机构位置(0.001deg)" />
	<Message ID="RotParam::rotpos::424" Content="第3刀塔第24把刀正向机构位置(0.001deg)" />
	<Message ID="RotParam::rotpos::425" Content="第3刀塔第25把刀正向机构位置(0.001deg)" />
	<Message ID="RotParam::rotpos::426" Content="第3刀塔第26把刀正向机构位置(0.001deg)" />
	<Message ID="RotParam::rotpos::427" Content="第3刀塔第27把刀正向机构位置(0.001deg)" />
	<Message ID="RotParam::rotpos::428" Content="第3刀塔第28把刀正向机构位置(0.001deg)" />
	<Message ID="RotParam::rotpos::429" Content="第3刀塔第29把刀正向机构位置(0.001deg)" />
	<Message ID="RotParam::rotpos::430" Content="第3刀塔第30把刀正向机构位置(0.001deg)" />
	<Message ID="RotParam::rotpos::431" Content="第3刀塔第31把刀正向机构位置(0.001deg)" />
	<Message ID="RotParam::rotpos::432" Content="第3刀塔第32把刀正向机构位置(0.001deg)" />
	<Message ID="RotParam::rot::441" Content="第一刀塔加减速时间(ms)" />
	<Message ID="RotParam::rot::442" Content="第二刀塔加减速时间(ms)" />
	<Message ID="RotParam::rot::443" Content="第三刀塔加减速时间(ms)" />
	<Message ID="RotParam::rot::461" Content="第一刀塔自动模式移动速度(RPM)" />
	<Message ID="RotParam::rot::462" Content="第二刀塔自动模式移动速度(RPM)" />
	<Message ID="RotParam::rot::463" Content="第三刀塔自动模式移动速度(RPM)" />
	<Message ID="RotParam::rot::481" Content="第一刀塔位置检查视窗(0.001deg)" />
	<Message ID="RotParam::rot::482" Content="第二刀塔位置检查视窗(0.001deg)" />
	<Message ID="RotParam::rot::483" Content="第三刀塔位置检查视窗(0.001deg)" />
	<Message ID="RotParam::rotpos::501" Content="第3刀塔第1把刀负向机构位置(0.001deg)" />
	<Message ID="RotParam::rot::501" Content="第一刀塔手动模式移动速度(RPM)" />
	<Message ID="RotParam::rotpos::502" Content="第3刀塔第2把刀负向机构位置(0.001deg)" />
	<Message ID="RotParam::rot::502" Content="第二刀塔手动模式移动速度(RPM)" />
	<Message ID="RotParam::rotpos::503" Content="第3刀塔第3把刀负向机构位置(0.001deg)" />
	<Message ID="RotParam::rot::503" Content="第三刀塔手动模式移动速度(RPM)" />
	<Message ID="RotParam::rotpos::504" Content="第3刀塔第4把刀负向机构位置(0.001deg)" />
	<Message ID="RotParam::rotpos::505" Content="第3刀塔第5把刀负向机构位置(0.001deg)" />
	<Message ID="RotParam::rotpos::506" Content="第3刀塔第6把刀负向机构位置(0.001deg)" />
	<Message ID="RotParam::rotpos::507" Content="第3刀塔第7把刀负向机构位置(0.001deg)" />
	<Message ID="RotParam::rotpos::508" Content="第3刀塔第8把刀负向机构位置(0.001deg)" />
	<Message ID="RotParam::rotpos::509" Content="第3刀塔第9把刀负向机构位置(0.001deg)" />
	<Message ID="RotParam::rotpos::510" Content="第3刀塔第10把刀负向机构位置(0.001deg)" />
	<Message ID="RotParam::rotpos::511" Content="第3刀塔第12把刀负向机构位置(0.001deg)" />
	<Message ID="RotParam::rotpos::512" Content="第3刀塔第13把刀负向机构位置(0.001deg)" />
	<Message ID="RotParam::rotpos::513" Content="第3刀塔第13把刀负向机构位置(0.001deg)" />
	<Message ID="RotParam::rotpos::514" Content="第3刀塔第14把刀负向机构位置(0.001deg)" />
	<Message ID="RotParam::rotpos::515" Content="第3刀塔第15把刀负向机构位置(0.001deg)" />
	<Message ID="RotParam::rotpos::516" Content="第3刀塔第16把刀负向机构位置(0.001deg)" />
	<Message ID="RotParam::rotpos::517" Content="第3刀塔第17把刀负向机构位置(0.001deg)" />
	<Message ID="RotParam::rotpos::518" Content="第3刀塔第18把刀负向机构位置(0.001deg)" />
	<Message ID="RotParam::rotpos::519" Content="第3刀塔第19把刀负向机构位置(0.001deg)" />
	<Message ID="RotParam::rotpos::520" Content="第3刀塔第20把刀负向机构位置(0.001deg)" />
	<Message ID="RotParam::rotpos::521" Content="第3刀塔第21把刀负向机构位置(0.001deg)" />
	<Message ID="RotParam::rotpos::522" Content="第3刀塔第22把刀负向机构位置(0.001deg)" />
	<Message ID="RotParam::rotpos::523" Content="第3刀塔第23把刀负向机构位置(0.001deg)" />
	<Message ID="RotParam::rotpos::524" Content="第3刀塔第24把刀负向机构位置(0.001deg)" />
	<Message ID="RotParam::rotpos::525" Content="第3刀塔第25把刀负向机构位置(0.001deg)" />
	<Message ID="RotParam::rotpos::526" Content="第3刀塔第26把刀负向机构位置(0.001deg)" />
	<Message ID="RotParam::rotpos::527" Content="第3刀塔第27把刀负向机构位置(0.001deg)" />
	<Message ID="RotParam::rotpos::528" Content="第3刀塔第28把刀负向机构位置(0.001deg)" />
	<Message ID="RotParam::rotpos::529" Content="第3刀塔第29把刀负向机构位置(0.001deg)" />
	<Message ID="RotParam::rotpos::530" Content="第3刀塔第30把刀负向机构位置(0.001deg)" />
	<Message ID="RotParam::rotpos::531" Content="第3刀塔第31把刀负向机构位置(0.001deg)" />
	<Message ID="RotParam::rotpos::532" Content="第3刀塔第32把刀负向机构位置(0.001deg)" />
	<Message ID="RotParam::rot::2101" Content="第一刀塔刀具位置自定义(0:关闭;1:启用)" />
	<Message ID="RotParam::rot::2102" Content="第二刀塔刀具位置自定义(0:关闭;1:启用)" />
	<Message ID="RotParam::rot::2103" Content="第三刀塔刀具位置自定义(0:关闭;1:启用)" />
	<Message ID="RotParam::rot::3001" Content="第一刀塔总刀数" />
	<Message ID="RotParam::rot::3002" Content="第二刀塔总刀数" />
	<Message ID="RotParam::rot::3003" Content="第三刀塔总刀数" />
	<Message ID="RotParam::rot::3021" Content="第一刀塔扭力限制千分比" />
	<Message ID="RotParam::rot::3022" Content="第二刀塔扭力限制千分比" />
	<Message ID="RotParam::rot::3023" Content="第三刀塔扭力限制千分比" />
	<Message ID="RotParam::rot::3101" Content="第一刀塔资料起始暂存器" />
	<Message ID="RotParam::rot::3102" Content="第二刀塔资料起始暂存器" />
	<Message ID="RotParam::rot::3103" Content="第三刀塔资料起始暂存器" />
	<Message ID="RotParam::rot::3121" Content="第一刀塔命令/状态起始暂存器" />
	<Message ID="RotParam::rot::3122" Content="第二刀塔命令/状态起始暂存器" />
	<Message ID="RotParam::rot::3123" Content="第三刀塔命令/状态起始暂存器" />
</ResMap>
