﻿<?xml version="1.0" encoding="UTF-8"?>
<ResMap>
  <Message ID="AlarmMsg::Drv_ECAT_SVTRONIX_ALM::ID=1" Content="驱动器被锁住" />
  <Message ID="AlarmMsg::Drv_ECAT_SVTRONIX_ALM::ID=2" Content="参数储存器校验失败" />
  <Message ID="AlarmMsg::Drv_ECAT_SVTRONIX_ALM::ID=3" Content="过电流" />
  <Message ID="AlarmMsg::Drv_ECAT_SVTRONIX_ALM::ID=4" Content="STO故障" />
  <Message ID="AlarmMsg::Drv_ECAT_SVTRONIX_ALM::ID=5" Content="FPGA配置失败" />
  <Message ID="AlarmMsg::Drv_ECAT_SVTRONIX_ALM::ID=6" Content="驱动器EEPROM故障" />
  <Message ID="AlarmMsg::Drv_ECAT_SVTRONIX_ALM::ID=7" Content="EEPROM上电故障" />
  <Message ID="AlarmMsg::Drv_ECAT_SVTRONIX_ALM::ID=8" Content="母线电压测试电路故障" />
  <Message ID="AlarmMsg::Drv_ECAT_SVTRONIX_ALM::ID=9" Content="过电压" />
  <Message ID="AlarmMsg::Drv_ECAT_SVTRONIX_ALM::ID=10" Content="功率板过温" />
  <Message ID="AlarmMsg::Drv_ECAT_SVTRONIX_ALM::ID=11" Content="低电压" />
  <Message ID="AlarmMsg::Drv_ECAT_SVTRONIX_ALM::ID=12" Content="未配置" />
  <Message ID="AlarmMsg::Drv_ECAT_SVTRONIX_ALM::ID=13" Content="Flash写入失败" />
  <Message ID="AlarmMsg::Drv_ECAT_SVTRONIX_ALM::ID=14" Content="过速度" />
  <Message ID="AlarmMsg::Drv_ECAT_SVTRONIX_ALM::ID=15" Content="编码器模拟频率过高" />
  <Message ID="AlarmMsg::Drv_ECAT_SVTRONIX_ALM::ID=16" Content="驱动器折返" />
  <Message ID="AlarmMsg::Drv_ECAT_SVTRONIX_ALM::ID=17" Content="电机折返" />
  <Message ID="AlarmMsg::Drv_ECAT_SVTRONIX_ALM::ID=18" Content="A/B线信号中断" />
  <Message ID="AlarmMsg::Drv_ECAT_SVTRONIX_ALM::ID=19" Content="霍尔信号非法" />
  <Message ID="AlarmMsg::Drv_ECAT_SVTRONIX_ALM::ID=20" Content="索引信号中断" />
  <Message ID="AlarmMsg::Drv_ECAT_SVTRONIX_ALM::ID=21" Content="Sine回授信号通信失败" />
  <Message ID="AlarmMsg::Drv_ECAT_SVTRONIX_ALM::ID=22" Content="A/B信号超出范围" />
  <Message ID="AlarmMsg::Drv_ECAT_SVTRONIX_ALM::ID=23" Content="电机过温" />
  <Message ID="AlarmMsg::Drv_ECAT_SVTRONIX_ALM::ID=24" Content="Sine编码器正交编码故障" />
  <Message ID="AlarmMsg::Drv_ECAT_SVTRONIX_ALM::ID=25" Content="Sin/Cos校准失败" />
  <Message ID="AlarmMsg::Drv_ECAT_SVTRONIX_ALM::ID=26" Content="回授5V过电流" />
  <Message ID="AlarmMsg::Drv_ECAT_SVTRONIX_ALM::ID=27" Content="第二回授索引信号断线" />
  <Message ID="AlarmMsg::Drv_ECAT_SVTRONIX_ALM::ID=28" Content="第二回授A/B信号断线" />
  <Message ID="AlarmMsg::Drv_ECAT_SVTRONIX_ALM::ID=29" Content="回生电路过电流" />
  <Message ID="AlarmMsg::Drv_ECAT_SVTRONIX_ALM::ID=30" Content="通信封包指令超过速度限制" />
  <Message ID="AlarmMsg::Drv_ECAT_SVTRONIX_ALM::ID=31" Content="第二编码器5V过电流" />
  <Message ID="AlarmMsg::Drv_ECAT_SVTRONIX_ALM::ID=32" Content="CAN支援故障" />
  <Message ID="AlarmMsg::Drv_ECAT_SVTRONIX_ALM::ID=33" Content="自我测试失败" />
  <Message ID="AlarmMsg::Drv_ECAT_SVTRONIX_ALM::ID=34" Content="回授信号通信异常" />
  <Message ID="AlarmMsg::Drv_ECAT_SVTRONIX_ALM::ID=35" Content="Nikon编码器运作故障" />
  <Message ID="AlarmMsg::Drv_ECAT_SVTRONIX_ALM::ID=36" Content="+15V超出范围" />
  <Message ID="AlarmMsg::Drv_ECAT_SVTRONIX_ALM::ID=37" Content="-15V超出范围" />
  <Message ID="AlarmMsg::Drv_ECAT_SVTRONIX_ALM::ID=38" Content="看门狗故障" />
  <Message ID="AlarmMsg::Drv_ECAT_SVTRONIX_ALM::ID=39" Content="集成功率模组过温" />
  <Message ID="AlarmMsg::Drv_ECAT_SVTRONIX_ALM::ID=40" Content="控制板过温" />
  <Message ID="AlarmMsg::Drv_ECAT_SVTRONIX_ALM::ID=41" Content="定相失败" />
  <Message ID="AlarmMsg::Drv_ECAT_SVTRONIX_ALM::ID=42" Content="Tamagawa初始化失败" />
  <Message ID="AlarmMsg::Drv_ECAT_SVTRONIX_ALM::ID=43" Content="电流感测器偏移设置非法" />
  <Message ID="AlarmMsg::Drv_ECAT_SVTRONIX_ALM::ID=44" Content="电机设置失败" />
  <Message ID="AlarmMsg::Drv_ECAT_SVTRONIX_ALM::ID=45" Content="位置误差超出范围" />
  <Message ID="AlarmMsg::Drv_ECAT_SVTRONIX_ALM::ID=46" Content="脉冲与方向输入线(信号)中断" />
  <Message ID="AlarmMsg::Drv_ECAT_SVTRONIX_ALM::ID=47" Content="FPGA版本不匹配" />
  <Message ID="AlarmMsg::Drv_ECAT_SVTRONIX_ALM::ID=48" Content="PLL(锁相环)同步失败" />
  <Message ID="AlarmMsg::Drv_ECAT_SVTRONIX_ALM::ID=49" Content="Tamagawa(多摩川)绝对式编码器故障" />
  <Message ID="AlarmMsg::Drv_ECAT_SVTRONIX_ALM::ID=50" Content="CAN通信心跳信号遗失" />
  <Message ID="AlarmMsg::Drv_ECAT_SVTRONIX_ALM::ID=51" Content="电机缺相" />
  <Message ID="AlarmMsg::Drv_ECAT_SVTRONIX_ALM::ID=52" Content="5V超出范围" />
  <Message ID="AlarmMsg::Drv_ECAT_SVTRONIX_ALM::ID=55" Content="旋变初始化失败" />
  <Message ID="AlarmMsg::Drv_ECAT_SVTRONIX_ALM::ID=56" Content="绝对编码器电池低电压" />
  <Message ID="AlarmMsg::Drv_ECAT_SVTRONIX_ALM::ID=57" Content="发出紧急停止命令" />
  <Message ID="AlarmMsg::Drv_ECAT_SVTRONIX_ALM::ID=58" Content="Endat2X回授信号故障" />
  <Message ID="AlarmMsg::Drv_ECAT_SVTRONIX_ALM::ID=59" Content="失速故障" />
  <Message ID="AlarmMsg::Drv_ECAT_SVTRONIX_ALM::ID=60" Content="PFB断开校验无效" />
  <Message ID="AlarmMsg::Drv_ECAT_SVTRONIX_ALM::ID=61" Content="PFB断开数据不匹配" />
  <Message ID="AlarmMsg::Drv_ECAT_SVTRONIX_ALM::ID=62" Content="无PFB断开数据" />
  <Message ID="AlarmMsg::Drv_ECAT_SVTRONIX_ALM::ID=65" Content="总线通信线断开" />
  <Message ID="AlarmMsg::Drv_ECAT_SVTRONIX_ALM::ID=66" Content="命令超过加减速限制" />
  <Message ID="AlarmMsg::Drv_ECAT_SVTRONIX_ALM::ID=67" Content="超过最大速度误差" />
  <Message ID="AlarmMsg::Drv_ECAT_SVTRONIX_ALM::ID=68" Content="编码器相位故障" />
  <Message ID="AlarmMsg::Drv_ECAT_SVTRONIX_ALM::ID=69" Content="总线目标命令遗失" />
  <Message ID="AlarmMsg::Drv_ECAT_SVTRONIX_ALM::ID=70" Content="内部错误" />
  <Message ID="AlarmMsg::Drv_ECAT_SVTRONIX_ALM::ID=71" Content="差分霍尔断线" />
  <Message ID="AlarmMsg::Drv_ECAT_SVTRONIX_ALM::ID=72" Content="逻辑AC电源故障" />
  <Message ID="AlarmMsg::Drv_ECAT_SVTRONIX_ALM::ID=73" Content="温度感测器故障" />
  <Message ID="AlarmMsg::Drv_ECAT_SVTRONIX_ALM::ID=76" Content="脉冲频率过高" />
  <Message ID="AlarmMsg::Drv_ECAT_SVTRONIX_ALM::ID=77" Content="侦测到电机换向错误情况" />
  <Message ID="AlarmMsg::Drv_ECAT_SVTRONIX_ALM::ID=78" Content="回路AC供应线断开" />
  <Message ID="AlarmMsg::Drv_ECAT_SVTRONIX_ALM::ID=80" Content="AqB换向故障" />
  <Message ID="AlarmMsg::Drv_ECAT_SVTRONIX_ALM::ID=82" Content="SensAR编码器故障" />
  <Message ID="AlarmMsg::Drv_ECAT_SVTRONIX_ALM::ID=83" Content="回生电阻过载" />
  <Message ID="AlarmMsg::Drv_ECAT_SVTRONIX_ALM::ID=85" Content="Motor Plate Read Failed" />
  <Message ID="AlarmMsg::Drv_ECAT_SVTRONIX_ALM::ID=86" Content="SAVE and Power Cycle Required" />
  <Message ID="AlarmMsg::Drv_ECAT_SVTRONIX_ALM::ID=87" Content="Excessive PE Value" />
  <Message ID="AlarmMsg::Drv_ECAT_SVTRONIX_ALM::ID=88" Content="CAN is in Bus-Off State" />
  <Message ID="AlarmMsg::Drv_ECAT_SVTRONIX_ALM::ID=89" Content="Realtime Overload Fault" />
  <Message ID="AlarmMsg::Drv_ECAT_SVTRONIX_ALM::ID=90" Content="Secondary Feedback Position Mismatch" />
  <Message ID="AlarmMsg::Drv_ECAT_SVTRONIX_ALM::ID=91" Content="EtherCAT Packet Loss" />
  <Message ID="AlarmMsg::Drv_ECAT_SVTRONIX_ALM::ID=92" Content="CAN/EtherCAT State Not Operational" />
  <Message ID="AlarmMsg::Drv_ECAT_SVTRONIX_ALM::ID=93" Content="Fieldbus Version Mismatch" />
  <Message ID="AlarmMsg::Drv_ECAT_SVTRONIX_ALM::ID=94" Content="ESI Version Mismatch" />
  <Message ID="AlarmMsg::Drv_ECAT_SVTRONIX_ALM::ID=95" Content="Custom Absolute Encoder Operational Fault" />
  <Message ID="AlarmMsg::Drv_ECAT_SVTRONIX_ALM::ID=96" Content="Digital Output Over-Current Fault" />
  <Message ID="AlarmMsg::Drv_ECAT_SVTRONIX_ALM::ID=98" Content="Power Brake Fault" />
  <Message ID="AlarmMsg::Drv_ECAT_SVTRONIX_ALM::ID=99" Content="Sankyo Absolute Encoder Fault" />
  <Message ID="AlarmMsg::Drv_ECAT_SVTRONIX_ALM::ID=100" Content="Unstable Current Loop" />
  <Message ID="AlarmMsg::Drv_ECAT_SVTRONIX_ALM::ID=102" Content="BiSS-C Encoder Indicates an Internal Fault" />
  <Message ID="AlarmMsg::Drv_ECAT_SVTRONIX_ALM::ID=103" Content="HIPERFACE Data Error" />
  <Message ID="AlarmMsg::Drv_ECAT_SVTRONIX_WRN::ID=1" Content="STO警告" />
  <Message ID="AlarmMsg::Drv_ECAT_SVTRONIX_WRN::ID=2" Content="驱动器折返警告" />
  <Message ID="AlarmMsg::Drv_ECAT_SVTRONIX_WRN::ID=3" Content="电机折返警告" />
  <Message ID="AlarmMsg::Drv_ECAT_SVTRONIX_WRN::ID=4" Content="低电压" />
  <Message ID="AlarmMsg::Drv_ECAT_SVTRONIX_WRN::ID=5" Content="功率板过温" />
  <Message ID="AlarmMsg::Drv_ECAT_SVTRONIX_WRN::ID=6" Content="电机过温" />
  <Message ID="AlarmMsg::Drv_ECAT_SVTRONIX_WRN::ID=9" Content="控制板过温" />
  <Message ID="AlarmMsg::Drv_ECAT_SVTRONIX_WRN::ID=10" Content="Phase Find Required" />
  <Message ID="AlarmMsg::Drv_ECAT_SVTRONIX_WRN::ID=11" Content="PLL Not Synchronized" />
  <Message ID="AlarmMsg::Drv_ECAT_SVTRONIX_WRN::ID=15" Content="硬体正向限位开关被开启" />
  <Message ID="AlarmMsg::Drv_ECAT_SVTRONIX_WRN::ID=16" Content="硬体负向限位开关被开启" />
  <Message ID="AlarmMsg::Drv_ECAT_SVTRONIX_WRN::ID=17" Content="硬体正向与负向限位开关被开启" />
  <Message ID="AlarmMsg::Drv_ECAT_SVTRONIX_WRN::ID=18" Content="软体正向限位被触发" />
  <Message ID="AlarmMsg::Drv_ECAT_SVTRONIX_WRN::ID=19" Content="软体负向限位被触发" />
  <Message ID="AlarmMsg::Drv_ECAT_SVTRONIX_WRN::ID=20" Content="软体限位被触发" />
  <Message ID="AlarmMsg::Drv_ECAT_SVTRONIX_WRN::ID=21" Content="HIPERFACE Encoder Resolution Mismatch" />
  <Message ID="AlarmMsg::Drv_ECAT_SVTRONIX_WRN::ID=22" Content="多圈编码器电池低电压" />
  <Message ID="AlarmMsg::Drv_ECAT_SVTRONIX_WRN::ID=24" Content="EnDat Encoder Resolution Mismatch" />
  <Message ID="AlarmMsg::Drv_ECAT_SVTRONIX_WRN::ID=25" Content="PFB Backup Not Read" />
  <Message ID="AlarmMsg::Drv_ECAT_SVTRONIX_WRN::ID=27" Content="正弦编码器初始化後检测到偏移或增益调整" />
  <Message ID="AlarmMsg::Drv_ECAT_SVTRONIX_WRN::ID=32" Content="Bus AC Supply Line Disconnected" />
  <Message ID="AlarmMsg::Drv_ECAT_SVTRONIX_WRN::ID=34" Content="Regen Resistor Overload" />
  <Message ID="AlarmMsg::Drv_ECAT_SVTRONIX_WRN::ID=35" Content="SensAR: Encoder Warning" />
  <Message ID="AlarmMsg::Drv_ECAT_SVTRONIX_WRN::ID=36" Content="Realtime Overload Warning" />
  <Message ID="AlarmMsg::Drv_ECAT_SVTRONIX_WRN::ID=37" Content="Cannot Use SFBTYPE 1 with Analog OPMODE" />
  <Message ID="AlarmMsg::Drv_ECAT_SVTRONIX_WRN::ID=38" Content="集成功率模组过温" />
  <Message ID="AlarmMsg::Drv_ECAT_SVTRONIX_WRN::ID=40" Content="Online LMJR Estimation Active" />
  <Message ID="AlarmMsg::Drv_ECAT_SVTRONIX_WRN::ID=41" Content="PDO Packet is Not the Expected Length (too long)" />
  <Message ID="AlarmMsg::Drv_ECAT_SVTRONIX_WRN::ID=42" Content="Data in RxPDO is Out of Range" />
  <Message ID="AlarmMsg::Drv_ECAT_SVTRONIX_WRN::ID=43" Content="Data Cannot Be Written When Drive is Enabled" />
  <Message ID="AlarmMsg::Drv_ECAT_SVTRONIX_WRN::ID=44" Content="Command is Toward Positive Software Limit" />
  <Message ID="AlarmMsg::Drv_ECAT_SVTRONIX_WRN::ID=45" Content="Command is Toward Negative Software Limit" />
  <Message ID="AlarmMsg::Drv_ECAT_SVTRONIX_WRN::ID=47" Content="CAN Communication Entered Passive State" />
  <Message ID="AlarmMsg::Drv_ECAT_SVTRONIX_WRN::ID=48" Content="Default drive configuration" />
  <Message ID="AlarmMsg::Drv_ECAT_SVTRONIX_WRN::ID=49" Content="Fieldbus target command lost" />
  <Message ID="AlarmMsg::Drv_ECAT_SVTRONIX_WRN::ID=50" Content="I2C Failed To Read Temp Sensor" />
  <Message ID="AlarmMsg::Drv_ECAT_SVTRONIX_WRN::ID=51" Content="BiSS-C Encoder Indicates an Internal Warning" />
  <Message ID="AlarmMsg::Drv_ECAT_SVTRONIX_WRN::ID=52" Content="Motor Compatibility Warning" />
  <Message ID="AlarmMsg::Drv_ECAT_SVTRONIX_WRN::ID=53" Content="Conflicting Digital Inputs On" />
</ResMap>