﻿<?xml version="1.0" encoding="utf-8" ?>
<ResMap>
	<Message ID="MMI::NoParamGroup" Content="parameter group doesn't exist!" />
	<Message ID="ParamLimit201" Content="*X 轴感应器型别(0:编码器;1:光学尺;2:无)" />
	<Message ID="ParamLimit202" Content="*Y 轴感应器型别(0:编码器;1:光学尺;2:无)" />
	<Message ID="ParamLimit203" Content="*Z 轴感应器型别(0:编码器;1:光学尺;2:无)" />
	<Message ID="ParamLimit204" Content="*第四轴感应器型别(0:编码器;1:光学尺;2:无)" />
	<Message ID="ParamLimit205" Content="*第五轴感应器型别(0:编码器;1:光学尺;2:无)" />
	<Message ID="ParamLimit206" Content="*第六轴感应器型别(0:编码器;1:光学尺;2:无)" />
	<Message ID="ParamLimit207" Content="*第七轴感应器型别(0:编码器;1:光学尺;2:无)" />
	<Message ID="ParamLimit208" Content="*第八轴感应器型别(0:编码器;1:光学尺;2:无)" />
	<Message ID="ParamLimit209" Content="*第九轴感应器型别(0:编码器;1:光学尺;2:无)" />
	<Message ID="ParamLimit210" Content="*第十轴感应器型别(0:编码器;1:光学尺;2:无)" />
	<Message ID="ParamLimit211" Content="*第十一轴感应器型别(0:编码器;1:光学尺;2:无)" />
	<Message ID="ParamLimit212" Content="*第十二轴感应器型别(0:编码器;1:光学尺;2:无)" />
	<Message ID="ParamLimit213" Content="*第十三轴感应器型别(0:编码器;1:光学尺;2:无)" />
	<Message ID="ParamLimit214" Content="*第十四轴感应器型别(0:编码器;1:光学尺;2:无)" />
	<Message ID="ParamLimit215" Content="*第十五轴感应器型别(0:编码器;1:光学尺;2:无)" />
	<Message ID="ParamLimit216" Content="*第十六轴感应器型别(0:编码器;1:光学尺;2:无)" />
	<Message ID="ParamLimit1221" Content="X 轴启动背隙补偿(0:关闭;1:开启线轨补偿)" />
	<Message ID="ParamLimit1222" Content="Y 轴启动背隙补偿(0:关闭;1:开启线轨补偿)" />
	<Message ID="ParamLimit1223" Content="Z 轴启动背隙补偿(0:关闭;1:开启线轨补偿)" />
	<Message ID="ParamLimit1224" Content="第四轴启动背隙补偿(0:关闭;1:开启线轨补偿)" />
	<Message ID="ParamLimit1225" Content="第五轴启动背隙补偿(0:关闭;1:开启线轨补偿)" />
	<Message ID="ParamLimit1226" Content="第六轴启动背隙补偿(0:关闭;1:开启线轨补偿)" />
	<Message ID="ParamLimit1227" Content="第七轴启动背隙补偿(0:关闭;1:开启线轨补偿)" />
	<Message ID="ParamLimit1228" Content="第八轴启动背隙补偿(0:关闭;1:开启线轨补偿)" />
	<Message ID="ParamLimit1229" Content="第九轴启动背隙补偿(0:关闭;1:开启线轨补偿)" />
	<Message ID="ParamLimit1230" Content="第十轴启动背隙补偿(0:关闭;1:开启线轨补偿)" />
	<Message ID="ParamLimit1231" Content="第十一轴启动背隙补偿(0:关闭;1:开启线轨补偿)" />
	<Message ID="ParamLimit1232" Content="第十二轴启动背隙补偿(0:关闭;1:开启线轨补偿)" />
	<Message ID="ParamLimit1233" Content="第十三轴启动背隙补偿(0:关闭;1:开启线轨补偿)" />
	<Message ID="ParamLimit1234" Content="第十四轴启动背隙补偿(0:关闭;1:开启线轨补偿)" />
	<Message ID="ParamLimit1235" Content="第十五轴启动背隙补偿(0:关闭;1:开启线轨补偿)" />
	<Message ID="ParamLimit1236" Content="第十六轴启动背隙补偿(0:关闭;1:开启线轨补偿)" />
	<Message ID="ParamLimit3802" Content="*内定高精控制模式(0:G64; 1:G62)" />
	<Message ID="ParamLimit3825" Content="*第一组轴偶合偶合型态(0:不;1:机;2:对同;3:载;4:主同)" />
	<Message ID="ParamLimit3865" Content="*第二组轴偶合偶合型态(0:不;1:机;2:对同;3:载;4:主同)" />
	<Message ID="ParamLimit3875" Content="*第三组轴偶合偶合型态(0:不;1:机;2:对同;3:载;4:主同)" />
	<Message ID="ParamLimit3885" Content="*第四组轴偶合偶合型态(0:不;1:机;2:对同;3:载;4:主同)" />
</ResMap>
