﻿<?xml version="1.0" encoding="utf-8" ?>
<ResMap>
	<Message ID="MMI::NoParamGroup" Content="parameter group doesn't exist!" />
	<Message ID="GroupParam::latpm::3201" Content="*Machine Type" />
	<Message ID="GroupParam::latpm::4001" Content="Drilling mode(0:peck drilling,1:high-speed,2:countersink)" />
	<Message ID="GroupParam::latpm::4002" Content="Retraction distance of drilling(radius,LIU)" />
	<Message ID="GroupParam::latpm::4003" Content="Dwell time at point R level(ms)" />
	<Message ID="GroupParam::latpm::4004" Content="Peck tapping mode(0:peck tapping;1:high-speed)" />
	<Message ID="GroupParam::latpm::4005" Content="Retraction distance of tapping(LIU)" />
	<Message ID="GroupParam::latpm::4006" Content="Tapping cycle retrace speed(%)" />
	<Message ID="GroupParam::latpm::4007" Content="Spindle oritiention stop before tapping for serial spindle(0:disabled;1:enable)" />
	<Message ID="GroupParam::latpm::4008" Content="High speed drilling/Tapping mode(0:disabled;1:enabled)" />
	<Message ID="GroupParam::latpm::4011" Content="System return amount of G76/G77(radius,LIU)" />
	<Message ID="GroupParam::latpm::4012" Content="Escaping amount of G73/G74(LIU)" />
	<Message ID="GroupParam::latpm::4013" Content="Depth of Cut for G73/G74(LIU)" />
	<Message ID="GroupParam::latpm::4014" Content="Mode of Cut for G73/G74" />
	<Message ID="GroupParam::latpm::4015" Content="X axis relife amount of G75(LIU)" />
	<Message ID="GroupParam::latpm::4016" Content="Z axis relife amount of G75(LIU)" />
	<Message ID="GroupParam::latpm::4017" Content="The number of division of G75(count)" />
	<Message ID="GroupParam::latpm::4018" Content="camfer angle of thread cutting G21(degree)" />
	<Message ID="GroupParam::latpm::4019" Content="Y axis is positioning instruction for Drilling?apping?oring(0:No; 1:Yes)" />
	<Message ID="GroupParam::latpm::4020" Content="Type of X axis under G12.1(0:radius; 1:diameter)" />
	<Message ID="GroupParam::latpm::4021" Content="*Spindle synchronization, 1st basic spindle number." />
	<Message ID="GroupParam::latpm::4022" Content="*Spindle synchronization, 1st synchronous spindle number." />
	<Message ID="GroupParam::latpm::4023" Content="*Spindle synchronization, 2nd basic spindle number." />
	<Message ID="GroupParam::latpm::4024" Content="*Spindle synchronization, 2nd synchronous spindle number." />
	<Message ID="GroupParam::latpm::4025" Content="*Spindle synchronization, 3rd basic spindle number." />
	<Message ID="GroupParam::latpm::4026" Content="*Spindle synchronization, 3rd synchronous spindle number." />
	<Message ID="GroupParam::latpm::4040" Content="Threading mode(0:Normal; 1:High Speed; 2:Extreme Speed)" />
	<Message ID="GroupParam::latpm::4041" Content="Finishing Allowance of threading(LIU)" />
	<Message ID="GroupParam::latpm::4042" Content="Tip angle for threading(0,29,30,55,60,80)" />
	<Message ID="GroupParam::latpm::4043" Content="Chamfer amount for threading(0.1 lead)" />
	<Message ID="GroupParam::latpm::4044" Content="Repetitive count in finishing for threading" />
	<Message ID="GroupParam::latpm::4045" Content="Min. cutting depth for threading(radius,LIU)" />
	<Message ID="GroupParam::latpm::4046" Content="Enter amount for threading(LIU)" />
	<Message ID="GroupParam::latpm::4047" Content="Enter height for threading(radius,LIU)" />
	<Message ID="GroupParam::latpm::4051" Content="In multiple repititive cycle, error allowance for monotone properties(LIU)" />
	<Message ID="GroupParam::latpm::4070" Content="Default cutting feedrate(dependent on metric/imperial system, mm/min or inch/min)" />
</ResMap>
