﻿<?xml version="1.0" encoding="utf-8" ?>
<ResMap>
	<Message ID="AlarmMsg::SRI::ID=1" Content="扫描时间设定太短"/>
	<Message ID="AlarmMsg::SRI::ID=2" Content="通讯逾时"/>
	<Message ID="AlarmMsg::SRI::ID=3" Content="封包CRC错误"/>
	<Message ID="AlarmMsg::SRI::ID=4" Content="模组局号或排序与参数不符"/>
	<Message ID="AlarmMsg::SRI::ID=5" Content="韧体更新失败"/>
	<Message ID="AlarmMsg::SRI::ID=6" Content="模组处於烧录模式"/>
	<Message ID="AlarmMsg::SRI::ID=7" Content="模组通讯异常"/>
	<Message ID="AlarmMsg::SRI::ID=8" Content="模组硬体配置错误"/>
	<Message ID="AlarmMsg::SRI::ID=9" Content="韧体更新成功，请重新开机"/>
</ResMap>
