﻿<?xml version="1.0" encoding="utf-8" ?>
<ResMap>
	<Message ID="MMI::NoParamGroup" Content="parameter group doesn't exist!" />
	<Message ID="GroupParam::latpm::3201" Content="*机床型态设定" />
	<Message ID="GroupParam::latpm::4001" Content="设定啄钻型态(0:一般;1:高速;2:沉孔)" />
	<Message ID="GroupParam::latpm::4002" Content="设定钻孔循环退刀量(LIU)" />
	<Message ID="GroupParam::latpm::4003" Content="设定攻牙R点暂停时间(ms)" />
	<Message ID="GroupParam::latpm::4004" Content="设定啄攻型态(0:一般;1:高速)" />
	<Message ID="GroupParam::latpm::4005" Content="设定啄攻退刀量(LIU)" />
	<Message ID="GroupParam::latpm::4006" Content="设定攻牙循环退刀速度(%)" />
	<Message ID="GroupParam::latpm::4007" Content="串列主轴攻牙前定位功能(0:关闭;1:开启)" />
	<Message ID="GroupParam::latpm::4008" Content="高速钻孔/攻牙模式(0:关闭;1:开启)" />
	<Message ID="GroupParam::latpm::4011" Content="设定啄式车削退刀量(LIU)" />
	<Message ID="GroupParam::latpm::4012" Content="设定粗车循环退刀量(LIU)" />
	<Message ID="GroupParam::latpm::4013" Content="设定粗车循环每次进刀量(LIU)" />
	<Message ID="GroupParam::latpm::4014" Content="设定粗车循环模式" />
	<Message ID="GroupParam::latpm::4015" Content="设定成型粗车循环X方向进刀量(LIU)" />
	<Message ID="GroupParam::latpm::4016" Content="设定成型粗车循环Z方向进刀量(LIU)" />
	<Message ID="GroupParam::latpm::4017" Content="设定成型车粗循环重覆次数(次)" />
	<Message ID="GroupParam::latpm::4018" Content="设定G21退刀倒角角度(度)" />
	<Message ID="GroupParam::latpm::4019" Content="钻孔、攻牙、搪孔循环的Y轴是否为定位指令(0:否; 1:是)" />
	<Message ID="GroupParam::latpm::4020" Content="G12.1模式下X轴的编程(0:半径轴; 1:直径轴)" />
	<Message ID="GroupParam::latpm::4021" Content="*第一组主轴同期功能, 基础主轴号码." />
	<Message ID="GroupParam::latpm::4022" Content="*第一组主轴同期功能, 同期主轴号码." />
	<Message ID="GroupParam::latpm::4023" Content="*第二组主轴同期功能, 基础主轴号码." />
	<Message ID="GroupParam::latpm::4024" Content="*第二组主轴同期功能, 同期主轴号码." />
	<Message ID="GroupParam::latpm::4025" Content="*第三组主轴同期功能, 基础主轴号码." />
	<Message ID="GroupParam::latpm::4026" Content="*第三组主轴同期功能, 同期主轴号码." />
	<Message ID="GroupParam::latpm::4040" Content="设定螺纹车削模式(0:一般; 1:高速; 2:极速)" />
	<Message ID="GroupParam::latpm::4041" Content="设定螺纹车削精修预留量(LIU)" />
	<Message ID="GroupParam::latpm::4042" Content="设定螺纹车削螺牙角度(0,29,30,55,60,80)" />
	<Message ID="GroupParam::latpm::4043" Content="设定螺纹车削退刀倒角量(0.1牙距)" />
	<Message ID="GroupParam::latpm::4044" Content="设定螺纹车削精修次数(次)" />
	<Message ID="GroupParam::latpm::4045" Content="设定螺纹车削最小进刀量(LIU)" />
	<Message ID="GroupParam::latpm::4046" Content="设定螺纹车削进刀倒角量(LIU)" />
	<Message ID="GroupParam::latpm::4047" Content="设定螺纹车削进刀高度(LIU)" />
	<Message ID="GroupParam::latpm::4051" Content="复式切削循环,单方向递增(减)误差容许范围(LIU)" />
	<Message ID="GroupParam::latpm::4070" Content="预设切削速度(根据公英制为 mm/min 或 inch/min)" />
</ResMap>
