﻿<?xml version="1.0" encoding="utf-8" ?>
<ResMap>
	<Message ID="AlarmMsg::ROT::ID=1" Content="未完成绝对式原点设定"/>
	<Message ID="AlarmMsg::ROT::ID=2" Content="绝对式相关参数异动，请重开机并重设原点"/>
	<Message ID="AlarmMsg::ROT::ID=3" Content="不支援增量式电机"/>
	<Message ID="AlarmMsg::ROT::ID=4" Content="目标刀号超出范围"/>
	<Message ID="AlarmMsg::ROT::ID=5" Content="驱动器局号不存在"/>
	<Message ID="AlarmMsg::ROT::ID=6" Content="ROT/系统轴/串列PLC轴之驱动器局号重复"/>
	<Message ID="AlarmMsg::ROT::ID=7" Content="R值暂存器位於系统保护区或为不可位元化"/>
	<Message ID="AlarmMsg::ROT::ID=8" Content="定位偏差过大"/>
	<Message ID="AlarmMsg::ROT::ID=9" Content="驱动器通讯异常"/>
	<Message ID="AlarmMsg::ROT::ID=10" Content="加减速或速度设定错误"/>
	<Message ID="AlarmMsg::ROT::ID=11" Content="驱动器电源异常"/>
	<Message ID="AlarmMsg::ROT::ID=12" Content="不支援此驱动器类型"/>
</ResMap>
