﻿<?xml version="1.0" encoding="utf-8" ?>
<ResMap>
	<Message ID="MMI::NoParamGroup" Content="parameter group doesn't exist!" />
	<Message ID="GroupParam::milpm::3201" Content="*机床型态设定" />
	<Message ID="GroupParam::ktx71::3201" Content="*机床型态设定" />
	<Message ID="GroupParam::ktx51::3201" Content="*机床型态设定" />
	<Message ID="GroupParam::milpm::4001" Content="设定啄攻型态(0:一般;1:高速)" />
	<Message ID="GroupParam::milpm::4002" Content="设定钻孔循环退刀量(LIU)" />
	<Message ID="GroupParam::milpm::4004" Content="设定攻牙循环退刀量(LIU)" />
	<Message ID="GroupParam::milpm::4006" Content="设定攻牙循环退刀速度(%)" />
	<Message ID="GroupParam::milpm::4007" Content="串列主轴攻牙前定位功能(0:关闭;1:开启)" />
	<Message ID="GroupParam::milpm::4008" Content="设定G81钻孔循环型态(0:一般;1:快钻)" />
	<Message ID="GroupParam::milpm::4010" Content="铣削循环平面进给量百分比" />
	<Message ID="GroupParam::milpm::4020" Content="设定塘孔主轴停止方向(0:X+,1:X-,2:Y+,3:Y-,4:Z+,5:Z-)" />
	<Message ID="GroupParam::milpm::4055" Content="G码对刀指令的量测距离R" />
	<Message ID="GroupParam::milpm::4056" Content="G码对刀指令的容许触发讯号距离D" />
	<Message ID="GroupParam::milpm::4057" Content="G码对刀指令的量测速度F" />
	<Message ID="GroupParam::milpm::4058" Content="G码对刀指令的参考点P" />
	<Message ID="GroupParam::milpm::4059" Content="G37.1对刀指令的机械座标量测位置Z" />
	<Message ID="GroupParam::milpm::4060" Content="伺服落後补偿功能(0:ZPEC;1:SPA)" />
	<Message ID="GroupParam::milpm::4070" Content="预设切削速度(根据公英制为 mm/min 或 inch/min)" />
	<Message ID="GroupParam::ktx71::4101" Content="*(请参考图例:R1)固定基座上线性轴与中心距离 (um)" />
	<Message ID="GroupParam::ktx51::4101" Content="*第一臂长 (um)" />
	<Message ID="GroupParam::ktx71::4102" Content="*(请参考图例:R2)移动平台上球接头与中心距离 (um)" />
	<Message ID="GroupParam::ktx51::4102" Content="*第二臂长 (um)" />
	<Message ID="GroupParam::ktx71::4103" Content="*(请参考图例:Alpha)线性轴与水平面夹角(0.001deg)" />
	<Message ID="GroupParam::ktx71::4104" Content="*机构姿态(0:朝下 1:朝上)" />
	<Message ID="GroupParam::ktx71::4105" Content="*(请参考图例:L)PRS机构臂长 (um)" />
	<Message ID="GroupParam::ktx71::4106" Content="*(请参考图例:h1)从移动平台中心沿X方向至主轴轴心距离 (um)" />
	<Message ID="GroupParam::ktx71::4107" Content="*(请参考图例:h2)从移动平台中心沿Y方向至主轴轴心距离 (um)" />
	<Message ID="GroupParam::ktx51::4141" Content="第一关节的旋转方向(0:未设定; 1:右手法则; 2:左手法则)" />
	<Message ID="GroupParam::ktx51::4142" Content="第二关节的旋转方向(0:未设定; 1:右手法则; 2:左手法则)" />
	<Message ID="GroupParam::ktx51::4143" Content="第三关节的旋转方向(0:未设定; 1:右手法则; 2:左手法则)" />
	<Message ID="GroupParam::ktx71::4181" Content="*第一轴原点校正初始偏移量 (um)" />
	<Message ID="GroupParam::ktx51::4181" Content="*第一轴原点校正初始偏移量 (0.001deg)" />
	<Message ID="GroupParam::ktx71::4182" Content="*第二轴原点校正初始偏移量 (um)" />
	<Message ID="GroupParam::ktx51::4182" Content="*第二轴原点校正初始偏移量 (0.001deg)" />
	<Message ID="GroupParam::ktx71::4183" Content="*第三轴原点校正初始偏移量 (um)" />
	<Message ID="GroupParam::ktx71::4184" Content="*第四轴原点校正初始偏移量 (um)" />
	<Message ID="GroupParam::ktx71::4185" Content="*第五轴原点校正初始偏移量 (um)" />
	<Message ID="GroupParam::ktx71::4191" Content="*基座相对於参考零点的X座标值 (um)" />
	<Message ID="GroupParam::ktx71::4192" Content="*基座相对於参考零点的Y座标值 (um)" />
	<Message ID="GroupParam::ktx71::4193" Content="*基座相对於参考零点的Z座标值 (um)" />
	<Message ID="GroupParam::ktx71::4194" Content="*原点座标方向描述方法(0: z方向旋转; 1: 尤拉角)" />
	<Message ID="GroupParam::ktx71::4195" Content="*座标系沿程式坐标z轴旋转量 (0.001deg)" />
	<Message ID="GroupParam::ktx71::4196" Content="*原点坐标系尤拉角(ZXZ) alpha (0.001deg)" />
	<Message ID="GroupParam::ktx71::4197" Content="*原点坐标系尤拉角(ZXZ) beta (0.001deg)" />
	<Message ID="GroupParam::ktx71::4198" Content="*原点坐标系尤拉角(ZXZ) gamma (0.001deg)" />
</ResMap>
