﻿<?xml version="1.0" encoding="utf-8" ?>
<ResMap>
	<Message ID="AlarmMsg::SERIALPLCAXIS::ID=1" Content="ROT/系统轴/串列PLC轴之驱动器局号重复"/>
	<Message ID="AlarmMsg::SERIALPLCAXIS::ID=2" Content="R值暂存器位於系统保护区或为不可位元化"/>
	<Message ID="AlarmMsg::SERIALPLCAXIS::ID=3" Content="加减速或速度设定错误"/>
	<Message ID="AlarmMsg::SERIALPLCAXIS::ID=4" Content="检查视窗设定错误"/>
	<Message ID="AlarmMsg::SERIALPLCAXIS::ID=7" Content="寻原点偏移量设定过大"/>
	<Message ID="AlarmMsg::SERIALPLCAXIS::ID=8" Content="绝对式电机不支援增量寻原点功能"/>
	<Message ID="AlarmMsg::SERIALPLCAXIS::ID=9" Content="未完成绝对式原点设定"/>
	<Message ID="AlarmMsg::SERIALPLCAXIS::ID=10" Content="绝对式相关参数异动，请重开机并重设原点"/>
	<Message ID="AlarmMsg::SERIALPLCAXIS::ID=11" Content="驱动器局号不存在"/>
	<Message ID="AlarmMsg::SERIALPLCAXIS::ID=12" Content="超过正向软体行程极限"/>
	<Message ID="AlarmMsg::SERIALPLCAXIS::ID=13" Content="超过负向软体行程极限"/>
	<Message ID="AlarmMsg::SERIALPLCAXIS::ID=14" Content="驱动器通讯异常"/>
	<Message ID="AlarmMsg::SERIALPLCAXIS::ID=15" Content="驱动器参数写入失败"/>
	<Message ID="AlarmMsg::SERIALPLCAXIS::ID=16" Content="找不到原点索引讯号"/>
	<Message ID="AlarmMsg::SERIALPLCAXIS::ID=17" Content="寻原点零速检查失败"/>
	<Message ID="AlarmMsg::SERIALPLCAXIS::ID=18" Content="离不开原点开关"/>
	<Message ID="AlarmMsg::SERIALPLCAXIS::ID=19" Content="驱动器电源异常"/>
	<Message ID="AlarmMsg::SERIALPLCAXIS::ID=20" Content="不支援此驱动器类型"/>
	<Message ID="AlarmMsg::SERIALPLCAXIS::ID=21" Content="定位移动距离超过上限"/>
	<Message ID="AlarmMsg::SERIALPLCAXIS::ID=22" Content="此驱动器类型不支援手轮功能"/>
</ResMap>
