﻿<?xml version="1.0" encoding="utf-8" ?>
<ResMap>
	<!-- ================ Panasonice A6N Parameter ===================== -->
	<Message ID="MMI::DriverParameter::PANASONIC_RTEX_A6N::P001" Content="Ctrl. mode setup" />
	<Message ID="MMI::DriverParameter::PANASONIC_RTEX_A6N::P002" Content="R.T. auto-gain tuning setup" />
	<Message ID="MMI::DriverParameter::PANASONIC_RTEX_A6N::P003" Content="R.T. auto-tuning machine stiffness setup" />
	<Message ID="MMI::DriverParameter::PANASONIC_RTEX_A6N::P004" Content="Inertia ratio(%)" />
	<Message ID="MMI::DriverParameter::PANASONIC_RTEX_A6N::P008" Content="Cmd. pulse counts per revolution" />
	<Message ID="MMI::DriverParameter::PANASONIC_RTEX_A6N::P009" Content="Numerator of elec. gear" />
	<Message ID="MMI::DriverParameter::PANASONIC_RTEX_A6N::P010" Content="Denominator of elec. gear" />
	<Message ID="MMI::DriverParameter::PANASONIC_RTEX_A6N::P011" Content="Output pulse counts per revolution" />
	<Message ID="MMI::DriverParameter::PANASONIC_RTEX_A6N::P012" Content="Reversal of pulse output logic" />
	
	<Message ID="MMI::DriverParameter::PANASONIC_RTEX_A6N::P013" Content="1st torque limit(%)" />
	<Message ID="MMI::DriverParameter::PANASONIC_RTEX_A6N::P014" Content="Pos. deviation excess setup(pulse)" />
	<Message ID="MMI::DriverParameter::PANASONIC_RTEX_A6N::P015" Content="Absolute encoder setup" />
	<Message ID="MMI::DriverParameter::PANASONIC_RTEX_A6N::P016" Content="Ext-regenerative resistor setup" />
	<Message ID="MMI::DriverParameter::PANASONIC_RTEX_A6N::P017" Content="Sel. of load factor for ext-regenerative res." />
	<Message ID="MMI::DriverParameter::PANASONIC_RTEX_A6N::P100" Content="1st gain of pos. loop(0.1/s)" />
	<Message ID="MMI::DriverParameter::PANASONIC_RTEX_A6N::P101" Content="1st velocity loop gain(0.1Hz)" />
	<Message ID="MMI::DriverParameter::PANASONIC_RTEX_A6N::P102" Content="1st velocity loop integration T.C.(0.1ms)" />
	<Message ID="MMI::DriverParameter::PANASONIC_RTEX_A6N::P103" Content="1st filter of velocity detection" />
	<Message ID="MMI::DriverParameter::PANASONIC_RTEX_A6N::P104" Content="1st torque filter T.C.(0.01ms)" />
	<Message ID="MMI::DriverParameter::PANASONIC_RTEX_A6N::P105" Content="2nd gain of pos. loop(0.1/s)" />
	<Message ID="MMI::DriverParameter::PANASONIC_RTEX_A6N::P106" Content="2nd velocity loop gain(0.1Hz)" />
	<Message ID="MMI::DriverParameter::PANASONIC_RTEX_A6N::P107" Content="2nd velocity loop integration T.C.(0.1ms)" />
	<Message ID="MMI::DriverParameter::PANASONIC_RTEX_A6N::P108" Content="2nd filter of velocity detection" />
	<Message ID="MMI::DriverParameter::PANASONIC_RTEX_A6N::P109" Content="2nd torque filter T.C.(0.01ms)" />
	<Message ID="MMI::DriverParameter::PANASONIC_RTEX_A6N::P110" Content="Vel. feed forward gain(0.1%)" />
	<Message ID="MMI::DriverParameter::PANASONIC_RTEX_A6N::P111" Content="Vel. feed forward filter(0.01ms)" />
	<Message ID="MMI::DriverParameter::PANASONIC_RTEX_A6N::P112" Content="Torque feed forward gain(0.1%)" />
	<Message ID="MMI::DriverParameter::PANASONIC_RTEX_A6N::P113" Content="Torque feed forward filter(0.01ms)" />
	<Message ID="MMI::DriverParameter::PANASONIC_RTEX_A6N::P114" Content="2nd gain setup" />
	<Message ID="MMI::DriverParameter::PANASONIC_RTEX_A6N::P115" Content="Mode of pos. ctrl. switching" />
	<Message ID="MMI::DriverParameter::PANASONIC_RTEX_A6N::P116" Content="Delay time of pos. ctrl. switching(0.1ms)" />
	<Message ID="MMI::DriverParameter::PANASONIC_RTEX_A6N::P117" Content="Level of pos. ctrl. switching" />
	<Message ID="MMI::DriverParameter::PANASONIC_RTEX_A6N::P118" Content="Hysteresis at pos. ctrl. switching" />
	<Message ID="MMI::DriverParameter::PANASONIC_RTEX_A6N::P119" Content="Pos. gain switching time(0.1ms)" />
	<Message ID="MMI::DriverParameter::PANASONIC_RTEX_A6N::P120" Content="Mode of vel. ctrl. switching" />
	<Message ID="MMI::DriverParameter::PANASONIC_RTEX_A6N::P121" Content="Delay time of vel. ctrl. switching(0.1ms)" />
	<Message ID="MMI::DriverParameter::PANASONIC_RTEX_A6N::P122" Content="Level of vel. ctrl.switching" />
	<Message ID="MMI::DriverParameter::PANASONIC_RTEX_A6N::P123" Content="Hysteresis at vel. ctrl. switching" />
	<Message ID="MMI::DriverParameter::PANASONIC_RTEX_A6N::P124" Content="Mode of trq. ctrl. switching" />
	<Message ID="MMI::DriverParameter::PANASONIC_RTEX_A6N::P125" Content="Delay time of trq ctrl. switching(0.1ms)" />
	<Message ID="MMI::DriverParameter::PANASONIC_RTEX_A6N::P126" Content="Level of trq. ctrl. switching" />
	<Message ID="MMI::DriverParameter::PANASONIC_RTEX_A6N::P127" Content="Hysteresis at trq ctrl. switching" />
	<Message ID="MMI::DriverParameter::PANASONIC_RTEX_A6N::P200" Content="Adaptive filter mode setup" />
	<Message ID="MMI::DriverParameter::PANASONIC_RTEX_A6N::P201" Content="1st notch freq.(Hz)" />
	<Message ID="MMI::DriverParameter::PANASONIC_RTEX_A6N::P202" Content="1st notch width sel." />
	<Message ID="MMI::DriverParameter::PANASONIC_RTEX_A6N::P203" Content="1st notch depth sel." />
	<Message ID="MMI::DriverParameter::PANASONIC_RTEX_A6N::P204" Content="2nd notch freq.(Hz)" />
	<Message ID="MMI::DriverParameter::PANASONIC_RTEX_A6N::P205" Content="2nd notch width sel." />
	<Message ID="MMI::DriverParameter::PANASONIC_RTEX_A6N::P206" Content="2nd notch depth sel." />
	<Message ID="MMI::DriverParameter::PANASONIC_RTEX_A6N::P207" Content="3rd notch freq.(Hz)" />
	<Message ID="MMI::DriverParameter::PANASONIC_RTEX_A6N::P208" Content="3rd notch width sel." />
	<Message ID="MMI::DriverParameter::PANASONIC_RTEX_A6N::P209" Content="3rd notch depth sel." />
	<Message ID="MMI::DriverParameter::PANASONIC_RTEX_A6N::P210" Content="4th notch freq.(Hz)" />
	<Message ID="MMI::DriverParameter::PANASONIC_RTEX_A6N::P211" Content="4th notch width sel." />
	<Message ID="MMI::DriverParameter::PANASONIC_RTEX_A6N::P212" Content="4th notch depth sel." />
	<Message ID="MMI::DriverParameter::PANASONIC_RTEX_A6N::P213" Content="Sel. of damping filter switching" />
	<Message ID="MMI::DriverParameter::PANASONIC_RTEX_A6N::P214" Content="1st damping freq.(0.1Hz)" />
	<Message ID="MMI::DriverParameter::PANASONIC_RTEX_A6N::P215" Content="1st damping filter setup(0.1Hz)" />
	<Message ID="MMI::DriverParameter::PANASONIC_RTEX_A6N::P216" Content="2nd damping freq.(0.1Hz)" />
	<Message ID="MMI::DriverParameter::PANASONIC_RTEX_A6N::P217" Content="2nd damping filter setup(0.1Hz)" />
	<Message ID="MMI::DriverParameter::PANASONIC_RTEX_A6N::P218" Content="3rd damping freq.(0.1Hz)" />
	<Message ID="MMI::DriverParameter::PANASONIC_RTEX_A6N::P219" Content="3rd damping filter setup(0.1Hz)" />
	<Message ID="MMI::DriverParameter::PANASONIC_RTEX_A6N::P220" Content="4th damping freq.(0.1Hz)" />
	<Message ID="MMI::DriverParameter::PANASONIC_RTEX_A6N::P221" Content="4th damping filter setup(0.1Hz)" />
	<Message ID="MMI::DriverParameter::PANASONIC_RTEX_A6N::P222" Content="Pos. cmd. smoothing filter(0.1ms)" />
	<Message ID="MMI::DriverParameter::PANASONIC_RTEX_A6N::P223" Content="Pos. cmd. FIR filter(0.1ms)" />
	<Message ID="MMI::DriverParameter::PANASONIC_RTEX_A6N::P224" Content="5th notch frequency" />
	<Message ID="MMI::DriverParameter::PANASONIC_RTEX_A6N::P225" Content="5th notch width selection" />
	<Message ID="MMI::DriverParameter::PANASONIC_RTEX_A6N::P226" Content="5th notch depth selection" />
	<Message ID="MMI::DriverParameter::PANASONIC_RTEX_A6N::P227" Content="1st damping width setting" />
	<Message ID="MMI::DriverParameter::PANASONIC_RTEX_A6N::P228" Content="2nd damping width setting" />
	<Message ID="MMI::DriverParameter::PANASONIC_RTEX_A6N::P229" Content="3rd damping width setting" />
	<Message ID="MMI::DriverParameter::PANASONIC_RTEX_A6N::P230" Content="4th damping width setting" />
	
	<Message ID="MMI::DriverParameter::PANASONIC_RTEX_A6N::P312" Content="Acc. time setup(ms/1000rpm)" />
	<Message ID="MMI::DriverParameter::PANASONIC_RTEX_A6N::P313" Content="Dec. time setup(ms/1000rpm)" />
	<Message ID="MMI::DriverParameter::PANASONIC_RTEX_A6N::P314" Content="Sigmoid acc./dec. time setup(ms)" />
	<Message ID="MMI::DriverParameter::PANASONIC_RTEX_A6N::P317" Content="Sel. of speed limit" />
	<Message ID="MMI::DriverParameter::PANASONIC_RTEX_A6N::P321" Content="Speed limit value 1" />
	<Message ID="MMI::DriverParameter::PANASONIC_RTEX_A6N::P322" Content="Speed limit value 2" />
	
	<Message ID="MMI::DriverParameter::PANASONIC_RTEX_A6N::P400" Content="SI1 input selection" />
	<Message ID="MMI::DriverParameter::PANASONIC_RTEX_A6N::P401" Content="SI2 input selection" />
	<Message ID="MMI::DriverParameter::PANASONIC_RTEX_A6N::P402" Content="SI3 input selection" />
	<Message ID="MMI::DriverParameter::PANASONIC_RTEX_A6N::P403" Content="SI4 input selection" />
	<Message ID="MMI::DriverParameter::PANASONIC_RTEX_A6N::P404" Content="SI5 input selection" />
	<Message ID="MMI::DriverParameter::PANASONIC_RTEX_A6N::P405" Content="SI6 input selection" />
	<Message ID="MMI::DriverParameter::PANASONIC_RTEX_A6N::P406" Content="SI7 input selection" />
	<Message ID="MMI::DriverParameter::PANASONIC_RTEX_A6N::P407" Content="SI8 input selection" />
	<Message ID="MMI::DriverParameter::PANASONIC_RTEX_A6N::P410" Content="SO1 output selection" />
	<Message ID="MMI::DriverParameter::PANASONIC_RTEX_A6N::P411" Content="SO2 output selection" />
	<Message ID="MMI::DriverParameter::PANASONIC_RTEX_A6N::P412" Content="SO3 output selection" />
	<Message ID="MMI::DriverParameter::PANASONIC_RTEX_A6N::P416" Content="Type of analog monitor 1" />
	<Message ID="MMI::DriverParameter::PANASONIC_RTEX_A6N::P417" Content="Analog monitor 1 output gain" />
	<Message ID="MMI::DriverParameter::PANASONIC_RTEX_A6N::P418" Content="Type of analog monitor 2" />
	<Message ID="MMI::DriverParameter::PANASONIC_RTEX_A6N::P419" Content="Analog monitor 2 output gain" />
	<Message ID="MMI::DriverParameter::PANASONIC_RTEX_A6N::P421" Content="Analog monitor output setup" />
	<Message ID="MMI::DriverParameter::PANASONIC_RTEX_A6N::P431" Content="In-position range(pulse)" />
	<Message ID="MMI::DriverParameter::PANASONIC_RTEX_A6N::P432" Content="In-position output setup" />
	<Message ID="MMI::DriverParameter::PANASONIC_RTEX_A6N::P433" Content="INP hold time(ms)" />
	<Message ID="MMI::DriverParameter::PANASONIC_RTEX_A6N::P434" Content="Zero-Speed(rpm)" />
	<Message ID="MMI::DriverParameter::PANASONIC_RTEX_A6N::P435" Content="Speed coincidence range(rpm)" />
	<Message ID="MMI::DriverParameter::PANASONIC_RTEX_A6N::P436" Content="At-speed(rpm)" />
	<Message ID="MMI::DriverParameter::PANASONIC_RTEX_A6N::P437" Content="Mech. brake action at stalling setup(ms)" />
	<Message ID="MMI::DriverParameter::PANASONIC_RTEX_A6N::P438" Content="Mech. brake action at running setup(ms)" />
	<Message ID="MMI::DriverParameter::PANASONIC_RTEX_A6N::P439" Content="Brake release speed setup(rpm)" />
	<Message ID="MMI::DriverParameter::PANASONIC_RTEX_A6N::P440" Content="Sel. of warning output 1" />
	<Message ID="MMI::DriverParameter::PANASONIC_RTEX_A6N::P441" Content="Sel. of warning output 2" />
	<Message ID="MMI::DriverParameter::PANASONIC_RTEX_A6N::P442" Content="In-position range 2(pulse)" />
	<Message ID="MMI::DriverParameter::PANASONIC_RTEX_A6N::P444" Content="Pos. comp. output pulse width setting" />
	<Message ID="MMI::DriverParameter::PANASONIC_RTEX_A6N::P445" Content="Pos. comp. output polarity selection" />
	<Message ID="MMI::DriverParameter::PANASONIC_RTEX_A6N::P447" Content="pulse output selection" />
	<Message ID="MMI::DriverParameter::PANASONIC_RTEX_A6N::P448" Content="Pos. comparison value 1" />
	<Message ID="MMI::DriverParameter::PANASONIC_RTEX_A6N::P449" Content="Pos. comparison value 2" />
	<Message ID="MMI::DriverParameter::PANASONIC_RTEX_A6N::P450" Content="Pos. comparison value 3" />
	<Message ID="MMI::DriverParameter::PANASONIC_RTEX_A6N::P451" Content="Pos. comparison value 4" />
	<Message ID="MMI::DriverParameter::PANASONIC_RTEX_A6N::P452" Content="Pos. comparison value 5" />
	<Message ID="MMI::DriverParameter::PANASONIC_RTEX_A6N::P453" Content="Pos. comparison value 6" />
	<Message ID="MMI::DriverParameter::PANASONIC_RTEX_A6N::P454" Content="Pos. comparison value 7" />
	<Message ID="MMI::DriverParameter::PANASONIC_RTEX_A6N::P455" Content="Pos. comparison value 8" />
	<Message ID="MMI::DriverParameter::PANASONIC_RTEX_A6N::P456" Content="Pos. comp. output delay compen. amount" />
	<Message ID="MMI::DriverParameter::PANASONIC_RTEX_A6N::P457" Content="Pos. comp. output assignment setting" />
	
	<Message ID="MMI::DriverParameter::PANASONIC_RTEX_A6N::P503" Content="Denominator of pulse output division" />
	<Message ID="MMI::DriverParameter::PANASONIC_RTEX_A6N::P504" Content="Over-travel inhibit input setup" />
	<Message ID="MMI::DriverParameter::PANASONIC_RTEX_A6N::P505" Content="Sequence at over-travel inhibit" />
	<Message ID="MMI::DriverParameter::PANASONIC_RTEX_A6N::P506" Content="Sequence at Servo-off" />
	<Message ID="MMI::DriverParameter::PANASONIC_RTEX_A6N::P507" Content="Sequence upon main power off" />
	<Message ID="MMI::DriverParameter::PANASONIC_RTEX_A6N::P508" Content="LV trip sel. upon main power off" />
	<Message ID="MMI::DriverParameter::PANASONIC_RTEX_A6N::P509" Content="Det. time of main power off(ms)" />
	<Message ID="MMI::DriverParameter::PANASONIC_RTEX_A6N::P510" Content="Sequence at alarm" />
	<Message ID="MMI::DriverParameter::PANASONIC_RTEX_A6N::P511" Content="Trq. setup for emergency stop(%)" />
	<Message ID="MMI::DriverParameter::PANASONIC_RTEX_A6N::P512" Content="Over-load level setup(%)" />
	<Message ID="MMI::DriverParameter::PANASONIC_RTEX_A6N::P513" Content="Over-Speed level setup(rpm)" />
	<Message ID="MMI::DriverParameter::PANASONIC_RTEX_A6N::P514" Content="Motor working range setup(0.1rev)" />
	<Message ID="MMI::DriverParameter::PANASONIC_RTEX_A6N::P515" Content="Ctrl. input signal reading setup" />
	<Message ID="MMI::DriverParameter::PANASONIC_RTEX_A6N::P521" Content="Sel. of Trq. limit" />
	<Message ID="MMI::DriverParameter::PANASONIC_RTEX_A6N::P522" Content="2nd Trq. limit(%)" />
	<Message ID="MMI::DriverParameter::PANASONIC_RTEX_A6N::P523" Content="Torque limit switching setup1" />
	<Message ID="MMI::DriverParameter::PANASONIC_RTEX_A6N::P524" Content="Torque limit switching setup2" />
	<Message ID="MMI::DriverParameter::PANASONIC_RTEX_A6N::P525" Content="Positive direction torque limit" />
	<Message ID="MMI::DriverParameter::PANASONIC_RTEX_A6N::P526" Content="Negative direction torque limit" />
	<Message ID="MMI::DriverParameter::PANASONIC_RTEX_A6N::P531" Content="USB axis address" />
	<Message ID="MMI::DriverParameter::PANASONIC_RTEX_A6N::P545" Content="Quat. glitch p-direction compe. value" />
	<Message ID="MMI::DriverParameter::PANASONIC_RTEX_A6N::P546" Content="Quat. glitch n-direction compe. value" />
	<Message ID="MMI::DriverParameter::PANASONIC_RTEX_A6N::P547" Content="Quat. glitch compe. delay time" />
	<Message ID="MMI::DriverParameter::PANASONIC_RTEX_A6N::P548" Content="Quat. glitch compe. filter setting H" />
	<Message ID="MMI::DriverParameter::PANASONIC_RTEX_A6N::P549" Content="Quat. glitch compe. filter setting L" />
	
	<Message ID="MMI::DriverParameter::PANASONIC_RTEX_A6N::P602" Content="Speed deviation excess setup(rpm)" />
	<Message ID="MMI::DriverParameter::PANASONIC_RTEX_A6N::P605" Content="Pos. 3rd gain valid time(0.1ms)" />
	<Message ID="MMI::DriverParameter::PANASONIC_RTEX_A6N::P606" Content="Pos. 3rd gain scale factor(%)" />
	<Message ID="MMI::DriverParameter::PANASONIC_RTEX_A6N::P607" Content="Trq. Cmd. additional value(%)" />
	<Message ID="MMI::DriverParameter::PANASONIC_RTEX_A6N::P608" Content="Posi. dir. trq. comp. value(%)" />
	<Message ID="MMI::DriverParameter::PANASONIC_RTEX_A6N::P609" Content="Nega. dir. trq. comp. value(%)" />
	<Message ID="MMI::DriverParameter::PANASONIC_RTEX_A6N::P610" Content="Function expansion setup" />
	<Message ID="MMI::DriverParameter::PANASONIC_RTEX_A6N::P611" Content="Current response setup(%)" />
	<Message ID="MMI::DriverParameter::PANASONIC_RTEX_A6N::P614" Content="Emergency stop time at alarm(ms)" />
	<Message ID="MMI::DriverParameter::PANASONIC_RTEX_A6N::P615" Content="2nd over-speed level setup(rpm)" />
	<Message ID="MMI::DriverParameter::PANASONIC_RTEX_A6N::P618" Content="Power-up wait time(0.1s)" />
	<Message ID="MMI::DriverParameter::PANASONIC_RTEX_A6N::P623" Content="Disturbance trq. comp. gain(%)" />
	<Message ID="MMI::DriverParameter::PANASONIC_RTEX_A6N::P624" Content="Disturbance observer filter(%)" />
	<Message ID="MMI::DriverParameter::PANASONIC_RTEX_A6N::P627" Content="--" />
	<Message ID="MMI::DriverParameter::PANASONIC_RTEX_A6N::P631" Content="R.T. auto-tuning estimation speed" />
	<Message ID="MMI::DriverParameter::PANASONIC_RTEX_A6N::P632" Content="R.T. auto-tuning custom setup" />
	<Message ID="MMI::DriverParameter::PANASONIC_RTEX_A6N::P637" Content="Oscillation detecting level(0.1%)" />
	<Message ID="MMI::DriverParameter::PANASONIC_RTEX_A6N::P638" Content="Alarm mask setup" />
	<Message ID="MMI::DriverParameter::PANASONIC_RTEX_A6N::P641" Content="1st damping depth" />
	<Message ID="MMI::DriverParameter::PANASONIC_RTEX_A6N::P642" Content="2-stage trq. filter T.C.(0.01ms)" />
	<Message ID="MMI::DriverParameter::PANASONIC_RTEX_A6N::P643" Content="2-stage trq. filter attenuation term" />
	<Message ID="MMI::DriverParameter::PANASONIC_RTEX_A6N::P647" Content="Function expansion setup2" />
	<Message ID="MMI::DriverParameter::PANASONIC_RTEX_A6N::P648" Content="Tuning filter(0.1ms)" />
	<Message ID="MMI::DriverParameter::PANASONIC_RTEX_A6N::P649" Content="Cmd. / tuning filter damping" />
	<Message ID="MMI::DriverParameter::PANASONIC_RTEX_A6N::P650" Content="Viscous friction comp. stop(0.1%/10000rpm)" />
	<Message ID="MMI::DriverParameter::PANASONIC_RTEX_A6N::P651" Content="Wait time for emergency stop(ms)" />
	<Message ID="MMI::DriverParameter::PANASONIC_RTEX_A6N::P657" Content="Torque saturation anomally det. time" />
	<Message ID="MMI::DriverParameter::PANASONIC_RTEX_A6N::P660" Content="2nd damping depth" />
	<Message ID="MMI::DriverParameter::PANASONIC_RTEX_A6N::P661" Content="1st resonance freq." />
	<Message ID="MMI::DriverParameter::PANASONIC_RTEX_A6N::P662" Content="1st resonance attenuation ratio" />
	<Message ID="MMI::DriverParameter::PANASONIC_RTEX_A6N::P663" Content="1st anti-resonance freq." />
	<Message ID="MMI::DriverParameter::PANASONIC_RTEX_A6N::P664" Content="1st anti-resonance attenuation ratio" />
	<Message ID="MMI::DriverParameter::PANASONIC_RTEX_A6N::P665" Content="1st response freq." />
	<Message ID="MMI::DriverParameter::PANASONIC_RTEX_A6N::P666" Content="2nd resonance freq." />
	<Message ID="MMI::DriverParameter::PANASONIC_RTEX_A6N::P667" Content="2nd resonance attenuation ratio" />
	<Message ID="MMI::DriverParameter::PANASONIC_RTEX_A6N::P668" Content="2nd anti-resonance freq." />
	<Message ID="MMI::DriverParameter::PANASONIC_RTEX_A6N::P669" Content="2nd anti-resonance attenuation ratio" />
	<Message ID="MMI::DriverParameter::PANASONIC_RTEX_A6N::P670" Content="2nd responce freq." />
	<Message ID="MMI::DriverParameter::PANASONIC_RTEX_A6N::P671" Content="3rd damping depth" />
	<Message ID="MMI::DriverParameter::PANASONIC_RTEX_A6N::P672" Content="4th damping depth" />
	<Message ID="MMI::DriverParameter::PANASONIC_RTEX_A6N::P673" Content="Load esitimation filter" />
	<Message ID="MMI::DriverParameter::PANASONIC_RTEX_A6N::P674" Content="Torque compe. freq. 1" />
	<Message ID="MMI::DriverParameter::PANASONIC_RTEX_A6N::P675" Content="Torque compe. freq. 2" />
	<Message ID="MMI::DriverParameter::PANASONIC_RTEX_A6N::P676" Content="Load estimation count" />
	<Message ID="MMI::DriverParameter::PANASONIC_RTEX_A6N::P688" Content="Abs. enc. multi-turn data upper-limit value" />
	<Message ID="MMI::DriverParameter::PANASONIC_RTEX_A6N::P697" Content="Function expansion setting 3" />
	
	<Message ID="MMI::DriverParameter::PANASONIC_RTEX_A6N::P700" Content="Display on LED" />
	<Message ID="MMI::DriverParameter::PANASONIC_RTEX_A6N::P701" Content="Display time setup upon power-up(100ms)" />
	<Message ID="MMI::DriverParameter::PANASONIC_RTEX_A6N::P703" Content="Output setup during trq. limit" />
	<Message ID="MMI::DriverParameter::PANASONIC_RTEX_A6N::P709" Content="Correction time of latch delay 1" />
	<Message ID="MMI::DriverParameter::PANASONIC_RTEX_A6N::P710" Content="Software limit function" />
	<Message ID="MMI::DriverParameter::PANASONIC_RTEX_A6N::P711" Content="Positive side software limit value" />
	<Message ID="MMI::DriverParameter::PANASONIC_RTEX_A6N::P712" Content="Negative side software limit value" />
	<Message ID="MMI::DriverParameter::PANASONIC_RTEX_A6N::P713" Content="Abs. home pos. offset" />
	<Message ID="MMI::DriverParameter::PANASONIC_RTEX_A6N::P714" Content="Main power off warning det. time(ms)" />
	<Message ID="MMI::DriverParameter::PANASONIC_RTEX_A6N::P715" Content="Positioning adjacent range" />
	<Message ID="MMI::DriverParameter::PANASONIC_RTEX_A6N::P716" Content="Trq. saturation error prot. freq." />
	<Message ID="MMI::DriverParameter::PANASONIC_RTEX_A6N::P720" Content="RTEX comm. cycle setup" />
	<Message ID="MMI::DriverParameter::PANASONIC_RTEX_A6N::P721" Content="RTEX cmd. updating cycle setup" />
	<Message ID="MMI::DriverParameter::PANASONIC_RTEX_A6N::P722" Content="RTEX function extended setup1" />
	<Message ID="MMI::DriverParameter::PANASONIC_RTEX_A6N::P723" Content="RTEX function extended setup2" />
	<Message ID="MMI::DriverParameter::PANASONIC_RTEX_A6N::P724" Content="RTEX function extended setup3" />
	<Message ID="MMI::DriverParameter::PANASONIC_RTEX_A6N::P725" Content="RTEX speed unit setup" />
	<Message ID="MMI::DriverParameter::PANASONIC_RTEX_A6N::P726" Content="RTEX continuous err. warning setup" />
	<Message ID="MMI::DriverParameter::PANASONIC_RTEX_A6N::P727" Content="RTEX accumulated err. warning setup" />
	<Message ID="MMI::DriverParameter::PANASONIC_RTEX_A6N::P728" Content="RTEX update counter err. warning setup" />
	<Message ID="MMI::DriverParameter::PANASONIC_RTEX_A6N::P729" Content="RTEX monitor select 1" />
	<Message ID="MMI::DriverParameter::PANASONIC_RTEX_A6N::P730" Content="RTEX monitor select 2" />
	<Message ID="MMI::DriverParameter::PANASONIC_RTEX_A6N::P731" Content="RTEX monitor select 3" />
	<Message ID="MMI::DriverParameter::PANASONIC_RTEX_A6N::P732" Content="RTEX monitor select 4" />
	<Message ID="MMI::DriverParameter::PANASONIC_RTEX_A6N::P733" Content="RTEX monitor select 5" />
	<Message ID="MMI::DriverParameter::PANASONIC_RTEX_A6N::P734" Content="RTEX monitor select 6" />
	<Message ID="MMI::DriverParameter::PANASONIC_RTEX_A6N::P735" Content="RTEX command setting 1" />
	<Message ID="MMI::DriverParameter::PANASONIC_RTEX_A6N::P736" Content="RTEX command setting 2" />
	<Message ID="MMI::DriverParameter::PANASONIC_RTEX_A6N::P737" Content="RTEX command setting 3" />
	<Message ID="MMI::DriverParameter::PANASONIC_RTEX_A6N::P738" Content="RTEX update counter error prot. setup" />
	<Message ID="MMI::DriverParameter::PANASONIC_RTEX_A6N::P740" Content="Station alias setting" />
	<Message ID="MMI::DriverParameter::PANASONIC_RTEX_A6N::P741" Content="Station alias sel." />
	<Message ID="MMI::DriverParameter::PANASONIC_RTEX_A6N::P791" Content="RTEX comm. cycle expansion setting" />
	<Message ID="MMI::DriverParameter::PANASONIC_RTEX_A6N::P792" Content="Correction time of latch delay 2" />
	<Message ID="MMI::DriverParameter::PANASONIC_RTEX_A6N::P793" Content="Home pos. return limit speed" />
	<Message ID="MMI::DriverParameter::PANASONIC_RTEX_A6N::P795" Content="Num. of RTEX conti. comm. err. prot. 1" />
	<Message ID="MMI::DriverParameter::PANASONIC_RTEX_A6N::P796" Content="Num. of RTEX conti. comm. err. prot. 2" />
	<Message ID="MMI::DriverParameter::PANASONIC_RTEX_A6N::P797" Content="Num. of RTEX comm. timeout err. prot." />
	<Message ID="MMI::DriverParameter::PANASONIC_RTEX_A6N::P798" Content="Num. of RTEX cyclic data err. prot. 1/2" />
	
	<Message ID="MMI::DriverParameter::PANASONIC_RTEX_A6N::P801" Content="Profile linear acc. constant" />
	<Message ID="MMI::DriverParameter::PANASONIC_RTEX_A6N::P804" Content="Profile linear dec. constant" />
	<Message ID="MMI::DriverParameter::PANASONIC_RTEX_A6N::P810" Content="Amount of travel after profile pos. latch" />
	<Message ID="MMI::DriverParameter::PANASONIC_RTEX_A6N::P812" Content="Profile return to home pos. mode setup" />
	<Message ID="MMI::DriverParameter::PANASONIC_RTEX_A6N::P813" Content="Profile home pos. return vel. 1" />
	<Message ID="MMI::DriverParameter::PANASONIC_RTEX_A6N::P814" Content="Profile home pos. return vel. 2" />
</ResMap>
