﻿<?xml version="1.0" encoding="utf-8" ?>
<ResMap>
	<Message ID="MMI::NoParamGroup" Content="parameter group doesn't exist!" />
	<Message ID="LaserCtrlParam::1" Content="雷射源最大频率(KHz)" />
	<Message ID="LaserCtrlParam::1" Content="工件感测器触发源(0：外部触发；1：虚拟触发)" />
	<Message ID="LaserCtrlParam::2" Content="工件感测器虚拟触发间隔物理量(0：时间；1：距离)" />
	<Message ID="LaserCtrlParam::3" Content="工件感测器虚拟触发间隔时间量(ms)" />
	<Message ID="LaserCtrlParam::4" Content="工件感测器虚拟触发间隔距离量(um)" />
	<Message ID="LaserCtrlParam::5" Content="同步延迟时间(10us)" />
	<Message ID="LaserCtrlParam::6" Content="振镜XY轴向命令互换功能(0：关闭；1：开启)" />
	<Message ID="LaserCtrlParam::11" Content="雷射等待脉冲讯号(0：关闭；1：开启)" />
	<Message ID="LaserCtrlParam::11" Content="打标延迟距离(um)" />
	<Message ID="LaserCtrlParam::12" Content="雷射源工作周期(0.1%)" />
	<Message ID="LaserCtrlParam::21" Content="履带感测器站号" />
	<Message ID="LaserCtrlParam::22" Content="履带感测器型态(0：一般编码器；1：虚拟速度)" />
	<Message ID="LaserCtrlParam::23" Content="履带移动方向(0：正向；1：负向)" />
	<Message ID="LaserCtrlParam::24" Content="履带虚拟速度(mm/min)" />
	<Message ID="LaserCtrlParam::25" Content="履带感测器每脉冲移动距离(um/pulse)" />
	<Message ID="LaserCtrlParam::26" Content="履带感测器滤波时间常数(us)" />
	<Message ID="LaserCtrlParam::41" Content="振镜X轴向命令反向功能(0：关闭；1：开启)" />
	<Message ID="LaserCtrlParam::42" Content="振镜Y轴向命令反向功能(0：关闭；1：开启)" />
	<Message ID="LaserCtrlParam::43" Content="振镜Z轴向命令反向功能(0：关闭；1：开启)" />
	<Message ID="LaserCtrlParam::61" Content="轴向位置感测器解析度(pulse/转)" />
	<Message ID="LaserCtrlParam::121" Content="轴向螺杆侧齿轮齿数" />
	<Message ID="LaserCtrlParam::122" Content="轴向马达侧齿轮齿数" />
	<Message ID="LaserCtrlParam::161" Content="轴向螺杆宽度(Pitch) 单位：um;mdeg" />
	<Message ID="LaserCtrlParam::201" Content="轴向感应器型态(0：编码器；1：未定义；2：无)" />
	<Message ID="LaserCtrlParam::221" Content="轴向型态(0：线性轴；1：旋转轴)" />
	<Message ID="LaserCtrlParam::2401" Content="轴向软体正行程极限(mm)" />
	<Message ID="LaserCtrlParam::2402" Content="轴向软体负行程极限(mm)" />
</ResMap>
