﻿<?xml version="1.0" encoding="utf-8" ?>
<ResMap>
	<Message ID="AlarmMsg::Macro::ID=1" Content="第一个单节在Z轴上没有净移动量" />
	<Message ID="AlarmMsg::Macro::ID=2" Content="车削路径X,Z轴只允许单方向增加或减少" />
	<Message ID="AlarmMsg::Macro::ID=3" Content="第一个单节在X轴上没有净移动量" />
	<Message ID="AlarmMsg::Macro::ID=4" Content="车削路径Z轴只允许单方向增加或减少" />
	<Message ID="AlarmMsg::Macro::ID=5" Content="车削起始点低於路径" />
	<Message ID="AlarmMsg::Macro::ID=6" Content="刀号只允许使用4位数字" />
	<Message ID="AlarmMsg::Macro::ID=11" Content="钻(塘)孔循环进刀平面R低於孔底平面" />
	<Message ID="AlarmMsg::Macro::ID=12" Content="钻(塘)孔循环没有指定孔底平面" />
	<Message ID="AlarmMsg::Macro::ID=13" Content="啄式钻孔循环没有指定进刀量Q" />
	<Message ID="AlarmMsg::Macro::ID=14" Content="G41/G42模式下不可启动G12.1" />
	<Message ID="AlarmMsg::Macro::ID=15" Content="G96模式下不可启动G12.1" />
	<Message ID="AlarmMsg::Macro::ID=16" Content="G12.1轴向不存在" />
	<Message ID="AlarmMsg::Macro::ID=17" Content="G41/G42模式下不可结束G12.1" />
	<Message ID="AlarmMsg::Macro::ID=18" Content="G73/G74 H 值输入错误" />
	<Message ID="AlarmMsg::Macro::ID=19" Content="螺纹进刀没有指定长度或高度" />
	<Message ID="AlarmMsg::Macro::ID=20" Content="螺纹进刀/退刀倒角长度超过Z轴总移动量" />
	<Message ID="AlarmMsg::Macro::ID=21" Content="螺纹X轴方向进刀位置高於起始点" />
	<Message ID="AlarmMsg::Macro::ID=22" Content="椭圆插补的Z,X半轴长未输入或小於等於零" />
	<Message ID="AlarmMsg::Macro::ID=23" Content="椭圆插补的起终点距离大於椭圆长轴长" />
	<Message ID="AlarmMsg::Macro::ID=24" Content="抛物线插补的焦距未输入或小於等於零" />
	<Message ID="AlarmMsg::Macro::ID=25" Content="抛物线插补的起终点连线平行於对称轴" />
	<Message ID="AlarmMsg::Macro::ID=26" Content="椭圆与抛物线插补的起终点Z座标不可为同一点" />
	<Message ID="AlarmMsg::Macro::ID=27" Content="抛物线终点不在抛物线上" />
	<Message ID="AlarmMsg::Macro::ID=28" Content="啄式车削逃离量方向冲突" />
</ResMap>
