﻿<?xml version="1.0" encoding="utf-8" ?>
<ResMap>
	<Message ID="MMI::NoParamGroup" Content="parameter group doesn't exist!" />
	<Message ID="ParamLimit201" Content="*X 軸感應器型別(0:編碼器;1:光學尺;2:無)" />
	<Message ID="ParamLimit202" Content="*Y 軸感應器型別(0:編碼器;1:光學尺;2:無)" />
	<Message ID="ParamLimit203" Content="*Z 軸感應器型別(0:編碼器;1:光學尺;2:無)" />
	<Message ID="ParamLimit204" Content="*第四軸感應器型別(0:編碼器;1:光學尺;2:無)" />
	<Message ID="ParamLimit205" Content="*第五軸感應器型別(0:編碼器;1:光學尺;2:無)" />
	<Message ID="ParamLimit206" Content="*第六軸感應器型別(0:編碼器;1:光學尺;2:無)" />
	<Message ID="ParamLimit207" Content="*第七軸感應器型別(0:編碼器;1:光學尺;2:無)" />
	<Message ID="ParamLimit208" Content="*第八軸感應器型別(0:編碼器;1:光學尺;2:無)" />
	<Message ID="ParamLimit209" Content="*第九軸感應器型別(0:編碼器;1:光學尺;2:無)" />
	<Message ID="ParamLimit210" Content="*第十軸感應器型別(0:編碼器;1:光學尺;2:無)" />
	<Message ID="ParamLimit211" Content="*第十一軸感應器型別(0:編碼器;1:光學尺;2:無)" />
	<Message ID="ParamLimit212" Content="*第十二軸感應器型別(0:編碼器;1:光學尺;2:無)" />
	<Message ID="ParamLimit213" Content="*第十三軸感應器型別(0:編碼器;1:光學尺;2:無)" />
	<Message ID="ParamLimit214" Content="*第十四軸感應器型別(0:編碼器;1:光學尺;2:無)" />
	<Message ID="ParamLimit215" Content="*第十五軸感應器型別(0:編碼器;1:光學尺;2:無)" />
	<Message ID="ParamLimit216" Content="*第十六軸感應器型別(0:編碼器;1:光學尺;2:無)" />
	<Message ID="ParamLimit1221" Content="X 軸啟動背隙補償(0:關閉;1:開啟線軌補償)" />
	<Message ID="ParamLimit1222" Content="Y 軸啟動背隙補償(0:關閉;1:開啟線軌補償)" />
	<Message ID="ParamLimit1223" Content="Z 軸啟動背隙補償(0:關閉;1:開啟線軌補償)" />
	<Message ID="ParamLimit1224" Content="第四軸啟動背隙補償(0:關閉;1:開啟線軌補償)" />
	<Message ID="ParamLimit1225" Content="第五軸啟動背隙補償(0:關閉;1:開啟線軌補償)" />
	<Message ID="ParamLimit1226" Content="第六軸啟動背隙補償(0:關閉;1:開啟線軌補償)" />
	<Message ID="ParamLimit1227" Content="第七軸啟動背隙補償(0:關閉;1:開啟線軌補償)" />
	<Message ID="ParamLimit1228" Content="第八軸啟動背隙補償(0:關閉;1:開啟線軌補償)" />
	<Message ID="ParamLimit1229" Content="第九軸啟動背隙補償(0:關閉;1:開啟線軌補償)" />
	<Message ID="ParamLimit1230" Content="第十軸啟動背隙補償(0:關閉;1:開啟線軌補償)" />
	<Message ID="ParamLimit1231" Content="第十一軸啟動背隙補償(0:關閉;1:開啟線軌補償)" />
	<Message ID="ParamLimit1232" Content="第十二軸啟動背隙補償(0:關閉;1:開啟線軌補償)" />
	<Message ID="ParamLimit1233" Content="第十三軸啟動背隙補償(0:關閉;1:開啟線軌補償)" />
	<Message ID="ParamLimit1234" Content="第十四軸啟動背隙補償(0:關閉;1:開啟線軌補償)" />
	<Message ID="ParamLimit1235" Content="第十五軸啟動背隙補償(0:關閉;1:開啟線軌補償)" />
	<Message ID="ParamLimit1236" Content="第十六軸啟動背隙補償(0:關閉;1:開啟線軌補償)" />
	<Message ID="ParamLimit3802" Content="*內定高精控制模式(0:G64; 1:G62)" />
	<Message ID="ParamLimit3825" Content="*第一組軸偶合偶合型態(0:不;1:機;2:對同;3:載;4:主同)" />
	<Message ID="ParamLimit3865" Content="*第二組軸偶合偶合型態(0:不;1:機;2:對同;3:載;4:主同)" />
	<Message ID="ParamLimit3875" Content="*第三組軸偶合偶合型態(0:不;1:機;2:對同;3:載;4:主同)" />
	<Message ID="ParamLimit3885" Content="*第四組軸偶合偶合型態(0:不;1:機;2:對同;3:載;4:主同)" />
</ResMap>
